Date,Open,High,Low,Close
2015-07-20,277.98,280.0,277.37,280.0
2015-07-21,279.96,281.27,276.85,277.32
2015-07-22,277.33,278.54,275.01,277.89
2015-07-23,277.96,279.75,276.28,277.39
2015-07-24,277.23,291.52,276.43,289.12
2015-07-25,289.12,291.67,286.82,289.7
2015-07-26,289.68,294.49,288.65,293.89
2015-07-27,293.88,297.0,287.24,294.21
2015-07-28,294.22,298.0,293.65,295.76
2015-07-29,295.74,296.58,289.01,290.19
2015-07-30,290.26,291.56,286.56,288.49
2015-07-31,288.49,290.0,282.79,285.19
2015-08-01,285.2,285.6,277.26,281.53
2015-08-02,281.53,282.62,277.33,282.62
2015-08-03,282.62,285.86,280.27,280.95
2015-08-04,280.95,286.47,280.11,285.51
2015-08-05,285.6,286.25,282.01,282.77
2015-08-06,282.44,282.61,278.95,279.65
2015-08-07,279.37,281.17,277.05,279.94
2015-08-08,280.06,280.16,260.07,262.02
2015-08-09,262.02,268.8,260.97,267.63
2015-08-10,267.6,268.89,263.17,265.15
2015-08-11,265.15,271.99,264.91,271.99
2015-08-12,271.99,272.4,265.79,266.94
2015-08-13,266.81,267.82,262.94,264.67
2015-08-14,264.48,267.98,262.5,266.17
2015-08-15,266.21,267.69,261.77,262.46
2015-08-16,262.45,263.1,255.67,259.2
2015-08-17,259.2,261.57,255.58,257.31
2015-08-18,257.56,258.04,200.0,221.99
2015-08-19,221.99,238.99,214.91,227.34
2015-08-20,227.46,238.2,227.45,235.56
2015-08-21,235.56,236.99,231.15,232.85
2015-08-22,232.85,235.53,222.68,231.15
2015-08-23,231.16,233.25,226.15,229.21
2015-08-24,229.23,229.24,210.0,211.16
2015-08-25,211.16,229.49,198.02,223.73
2015-08-26,223.73,231.97,220.16,226.81
2015-08-27,226.72,229.99,224.0,225.8
2015-08-28,225.62,236.18,221.2,231.55
2015-08-29,231.55,233.95,228.0,230.61
2015-08-30,230.61,233.47,226.59,229.39
2015-08-31,229.4,233.0,225.23,230.75
2015-09-01,230.76,233.5,226.42,228.22
2015-09-02,228.22,231.43,226.43,229.97
2015-09-03,229.95,230.79,226.48,227.25
2015-09-04,227.24,232.49,227.24,231.39
2015-09-05,231.43,237.24,230.12,236.01
2015-09-06,236.17,244.82,235.54,241.29
2015-09-07,241.26,242.98,239.21,241.31
2015-09-08,241.31,247.82,240.31,244.14
2015-09-09,244.24,244.69,238.6,238.75
2015-09-10,238.74,241.4,236.69,238.52
2015-09-11,238.55,241.54,238.5,240.9
2015-09-12,240.9,241.12,235.26,236.5
2015-09-13,236.5,236.91,229.72,230.82
2015-09-14,230.83,233.99,228.01,231.01
2015-09-15,231.02,232.43,230.26,230.6
2015-09-16,230.67,232.0,226.85,229.73
2015-09-17,229.72,235.93,229.01,233.34
2015-09-18,233.31,234.96,231.75,233.78
2015-09-19,233.78,234.31,232.0,232.88
2015-09-20,232.88,234.0,231.84,232.24
2015-09-21,232.26,233.64,226.87,227.31
2015-09-22,227.31,232.5,224.45,231.28
2015-09-23,231.31,233.0,229.27,230.26
2015-09-24,230.26,235.99,230.09,235.27
2015-09-25,235.35,237.62,234.02,235.89
2015-09-26,235.88,236.2,233.5,234.69
2015-09-27,234.67,235.03,233.2,233.58
2015-09-28,233.53,240.52,233.53,239.99
2015-09-29,239.96,241.05,236.65,236.89
2015-09-30,236.88,238.75,236.26,237.14
2015-10-01,237.1,239.86,236.9,238.34
2015-10-02,238.34,239.4,236.97,238.28
2015-10-03,238.31,240.62,237.73,239.92
2015-10-04,239.93,240.28,239.07,239.87
2015-10-05,239.87,240.98,237.5,240.95
2015-10-06,240.93,248.0,240.31,246.64
2015-10-07,246.7,247.96,240.2,244.0
2015-10-08,244.0,245.38,242.2,242.94
2015-10-09,242.94,244.88,241.1,244.35
2015-10-10,244.44,246.1,243.8,246.07
2015-10-11,246.06,250.0,245.63,249.02
2015-10-12,249.01,249.14,245.89,246.39
2015-10-13,246.43,251.5,244.86,250.99
2015-10-14,250.98,255.0,250.25,253.27
2015-10-15,253.25,256.77,253.18,254.99
2015-10-16,254.98,267.6,254.86,263.43
2015-10-17,263.45,274.81,263.05,272.87
2015-10-18,272.88,273.5,262.94,265.0
2015-10-19,265.0,268.23,262.05,265.17
2015-10-20,265.09,272.95,264.38,271.14
2015-10-21,271.16,272.85,265.0,268.77
2015-10-22,268.77,280.0,268.75,275.84
2015-10-23,275.76,281.17,275.4,278.76
2015-10-24,278.76,284.49,278.75,284.29
2015-10-25,284.29,295.93,283.28,284.97
2015-10-26,284.97,287.68,282.04,287.1
2015-10-27,287.1,297.99,286.89,295.61
2015-10-28,295.68,308.93,295.65,304.09
2015-10-29,304.1,320.99,301.8,316.08
2015-10-30,316.07,336.97,315.9,329.11
2015-10-31,329.11,334.28,306.29,314.85
2015-11-01,314.84,332.0,311.44,329.46
2015-11-02,329.45,371.82,326.07,365.21
2015-11-03,365.14,422.3,362.07,404.1
2015-11-04,404.06,499.99,368.15,410.0
2015-11-05,410.0,450.0,366.66,387.21
2015-11-06,387.21,395.0,351.0,374.09
2015-11-07,374.26,392.0,371.43,384.81
2015-11-08,384.8,389.0,363.58,373.83
2015-11-09,373.84,386.96,360.8,379.53
2015-11-10,379.55,382.23,322.0,337.14
2015-11-11,337.14,341.75,293.32,313.2
2015-11-12,313.2,344.99,312.24,336.49
2015-11-13,336.49,343.0,325.0,338.07
2015-11-14,338.08,339.57,329.4,334.71
2015-11-15,334.67,336.46,319.89,322.93
2015-11-16,322.94,334.1,316.12,332.89
2015-11-17,332.85,340.72,330.1,336.49
2015-11-18,336.49,338.0,330.0,335.49
2015-11-19,335.5,336.38,324.9,326.41
2015-11-20,326.53,327.04,311.23,322.39
2015-11-21,322.39,328.0,316.33,327.0
2015-11-22,326.99,327.0,321.0,323.71
2015-11-23,323.72,326.0,322.0,323.0
2015-11-24,323.01,323.17,318.0,321.0
2015-11-25,320.96,330.06,316.26,328.98
2015-11-26,328.99,368.18,328.98,352.57
2015-11-27,352.56,364.46,347.96,358.19
2015-11-28,358.2,359.63,351.09,357.24
2015-11-29,357.24,373.63,354.26,372.24
2015-11-30,372.25,382.87,367.5,376.86
2015-12-01,376.88,378.94,354.6,362.68
2015-12-02,362.68,363.06,347.55,360.0
2015-12-03,360.0,369.99,356.52,361.77
2015-12-04,361.89,364.85,355.43,363.98
2015-12-05,363.98,390.0,363.97,387.99
2015-12-06,388.03,401.01,375.22,387.55
2015-12-07,387.53,397.57,383.0,394.73
2015-12-08,394.73,418.94,386.69,418.94
2015-12-09,417.84,425.0,401.0,418.39
2015-12-10,418.39,419.5,408.0,415.68
2015-12-11,415.68,453.13,415.67,452.95
2015-12-12,452.95,469.34,403.0,436.87
2015-12-13,436.9,443.83,419.42,433.83
2015-12-14,433.38,450.0,429.12,444.01
2015-12-15,444.03,464.95,443.76,464.27
2015-12-16,464.5,464.73,440.0,453.97
2015-12-17,453.96,456.33,446.01,455.5
2015-12-18,455.5,465.1,453.28,463.17
2015-12-19,463.14,465.6,451.58,461.29
2015-12-20,461.29,461.3,430.0,442.22
2015-12-21,442.36,444.44,424.66,436.81
2015-12-22,436.85,442.0,432.58,433.92
2015-12-23,433.94,445.11,428.29,442.43
2015-12-24,442.43,460.0,442.42,455.74
2015-12-25,455.74,458.99,450.01,455.84
2015-12-26,455.82,458.29,410.0,419.41
2015-12-27,419.41,429.85,410.02,424.72
2015-12-28,424.73,429.9,418.0,421.94
2015-12-29,421.94,433.9,419.31,433.89
2015-12-30,433.89,434.99,422.35,427.95
2015-12-31,427.9,434.0,419.04,430.35
2016-01-01,430.35,437.15,427.92,435.66
2016-01-02,435.67,437.56,432.41,435.4
2016-01-03,435.4,435.75,425.02,431.91
2016-01-04,431.9,435.79,431.37,433.85
2016-01-05,433.84,435.64,430.0,433.34
2016-01-06,433.32,433.46,428.15,430.87
2016-01-07,430.66,460.15,430.64,459.07
2016-01-08,459.07,464.4,447.53,454.44
2016-01-09,454.41,456.0,447.66,450.38
2016-01-10,450.39,451.39,442.96,449.99
2016-01-11,449.99,452.65,445.88,449.19
2016-01-12,449.26,449.44,431.83,434.01
2016-01-13,434.01,437.5,425.0,432.77
2016-01-14,432.7,435.27,428.0,430.03
2016-01-15,430.04,430.29,357.3,357.53
2016-01-16,357.59,391.0,350.92,388.7
2016-01-17,388.7,391.0,372.0,378.46
2016-01-18,378.47,386.1,370.1,384.89
2016-01-19,384.79,385.5,370.0,375.27
2016-01-20,375.28,425.1,369.0,418.54
2016-01-21,418.89,424.78,403.21,409.38
2016-01-22,409.02,413.99,373.86,382.9
2016-01-23,382.93,398.72,382.55,387.5
2016-01-24,387.5,406.93,387.49,403.05
2016-01-25,403.04,403.04,386.41,391.4
2016-01-26,391.4,397.0,387.78,391.54
2016-01-27,391.7,397.18,390.7,394.79
2016-01-28,394.6,395.0,377.12,379.61
2016-01-29,379.63,385.05,363.25,378.68
2016-01-30,378.68,382.04,375.0,378.46
2016-01-31,378.46,382.5,365.0,367.95
2016-02-01,367.89,379.0,366.26,371.33
2016-02-02,371.33,374.41,371.17,372.93
2016-02-03,372.93,373.01,365.63,368.87
2016-02-04,368.87,390.63,368.74,387.99
2016-02-05,387.99,389.36,382.99,384.5
2016-02-06,384.44,384.54,370.05,375.44
2016-02-07,375.44,379.81,373.24,377.49
2016-02-08,377.47,379.35,370.5,371.14
2016-02-09,371.02,374.93,370.13,372.68
2016-02-10,372.76,383.34,371.87,378.44
2016-02-11,378.49,379.5,360.0,378.23
2016-02-12,378.23,382.05,377.46,382.05
2016-02-13,382.05,396.0,381.99,391.0
2016-02-14,391.0,406.92,391.0,406.59
2016-02-15,406.62,409.09,394.03,398.95
2016-02-16,398.94,407.5,390.0,407.42
2016-02-17,407.41,420.13,405.69,415.2
2016-02-18,415.18,423.2,415.01,421.19
2016-02-19,421.18,422.0,416.0,420.72
2016-02-20,420.72,444.03,420.09,437.46
2016-02-21,438.04,448.7,426.01,438.56
2016-02-22,438.56,439.0,430.95,437.55
2016-02-23,437.45,440.9,414.16,419.97
2016-02-24,420.32,425.6,410.0,423.94
2016-02-25,423.87,426.44,418.6,423.54
2016-02-26,423.51,430.85,419.53,430.85
2016-02-27,430.84,434.97,430.14,433.12
2016-02-28,433.09,436.07,423.0,433.73
2016-02-29,433.73,442.0,431.13,436.44
2016-03-01,436.41,437.78,427.5,433.08
2016-03-02,433.03,435.36,418.36,420.39
2016-03-03,420.44,422.8,408.63,418.8
2016-03-04,418.76,422.21,405.5,407.35
2016-03-05,407.38,408.83,381.09,396.08
2016-03-06,396.13,409.27,385.01,403.24
2016-03-07,403.24,418.74,395.0,412.21
2016-03-08,412.21,416.33,407.4,411.18
2016-03-09,411.18,414.0,408.75,412.8
2016-03-10,412.64,416.52,410.71,415.98
2016-03-11,415.98,421.0,414.97,419.39
2016-03-12,419.48,421.3,406.52,410.58
2016-03-13,410.56,416.38,410.01,412.52
2016-03-14,412.51,415.84,411.61,415.02
2016-03-15,415.02,416.94,412.48,415.41
2016-03-16,415.41,416.39,413.0,416.07
2016-03-17,416.06,419.75,415.7,418.41
2016-03-18,418.42,418.66,399.21,409.65
2016-03-19,409.66,411.0,404.72,410.2
2016-03-20,410.09,415.34,409.36,411.27
2016-03-21,411.25,412.13,406.89,412.0
2016-03-22,411.98,417.79,411.0,416.66
2016-03-23,416.66,418.99,413.95,417.53
2016-03-24,417.53,417.72,410.0,412.95
2016-03-25,412.86,416.87,411.0,416.41
2016-03-26,416.42,417.77,414.37,416.97
2016-03-27,416.96,426.5,416.35,425.3
2016-03-28,425.29,425.36,419.63,423.0
2016-03-29,422.92,424.62,407.75,416.39
2016-03-30,416.4,416.41,407.56,412.79
2016-03-31,412.97,417.6,412.74,416.03
2016-04-01,416.03,417.68,414.12,417.68
2016-04-02,417.68,420.5,417.04,419.95
2016-04-03,419.95,420.8,418.33,420.16
2016-04-04,420.08,421.0,417.58,419.47
2016-04-05,419.48,423.43,418.01,422.36
2016-04-06,422.4,423.0,420.61,421.46
2016-04-07,421.36,422.74,419.41,421.99
2016-04-08,421.99,424.65,415.71,419.48
2016-04-09,419.48,419.79,415.51,419.46
2016-04-10,419.46,423.99,419.46,423.4
2016-04-11,423.29,424.0,420.15,423.94
2016-04-12,423.95,429.77,423.14,427.8
2016-04-13,427.8,429.44,423.59,425.58
2016-04-14,425.58,428.0,424.52,426.32
2016-04-15,426.35,431.1,425.72,430.93
2016-04-16,430.82,434.89,429.89,433.39
2016-04-17,433.69,434.93,429.15,431.0
2016-04-18,431.08,434.46,428.44,430.97
2016-04-19,430.9,438.2,429.22,437.06
2016-04-20,437.06,444.07,436.17,442.96
2016-04-21,442.87,453.8,441.99,452.25
2016-04-22,452.25,452.95,445.07,448.41
2016-04-23,448.57,455.84,447.03,455.69
2016-04-24,455.68,465.0,454.55,464.46
2016-04-25,464.47,472.38,454.65,466.17
2016-04-26,466.17,472.11,464.01,470.59
2016-04-27,470.3,470.79,434.0,445.31
2016-04-28,445.3,451.88,434.79,451.68
2016-04-29,451.67,459.44,448.5,458.82
2016-04-30,458.8,459.33,450.13,454.02
2016-05-01,454.02,457.07,451.55,456.98
2016-05-02,456.98,457.63,440.02,446.42
2016-05-03,446.53,453.29,443.61,452.21
2016-05-04,452.21,453.23,446.76,448.68
2016-05-05,448.59,451.56,447.0,449.98
2016-05-06,449.99,463.73,448.84,462.31
2016-05-07,462.31,464.0,459.55,461.91
2016-05-08,461.91,465.0,457.5,462.79
2016-05-09,462.6,465.9,459.41,464.16
2016-05-10,464.15,465.0,448.2,452.78
2016-05-11,452.77,458.65,452.5,454.37
2016-05-12,454.56,456.57,449.27,456.48
2016-05-13,456.48,458.03,453.84,457.98
2016-05-14,457.97,459.83,456.0,458.9
2016-05-15,458.9,463.62,458.49,461.47
2016-05-16,461.48,461.59,451.48,455.66
2016-05-17,455.64,457.49,452.2,454.19
2016-05-18,454.19,457.88,453.6,455.56
2016-05-19,455.56,456.41,435.0,438.38
2016-05-20,437.91,445.85,435.5,445.65
2016-05-21,445.52,446.99,441.88,446.28
2016-05-22,446.27,446.45,440.89,442.48
2016-05-23,442.45,446.3,440.79,445.67
2016-05-24,445.56,448.5,440.5,446.99
2016-05-25,446.98,452.42,446.86,451.49
2016-05-26,451.45,454.99,449.0,454.97
2016-05-27,454.97,476.75,454.35,471.27
2016-05-28,471.21,539.49,470.13,523.25
2016-05-29,523.35,549.99,491.01,525.22
2016-05-30,525.22,541.0,519.0,532.55
2016-05-31,532.56,544.9,520.01,531.34
2016-06-01,531.25,541.5,524.39,534.84
2016-06-02,534.85,541.2,531.86,537.87
2016-06-03,538.06,578.0,535.96,571.25
2016-06-04,571.09,594.64,564.29,576.31
2016-06-05,576.31,585.0,570.22,575.17
2016-06-06,575.17,588.15,575.0,586.77
2016-06-07,586.75,590.95,475.0,579.71
2016-06-08,579.72,583.99,572.96,583.21
2016-06-09,583.19,583.48,574.0,577.46
2016-06-10,577.47,581.0,573.5,580.31
2016-06-11,580.31,610.0,580.31,609.5
2016-06-12,609.5,687.71,605.0,677.86
2016-06-13,677.45,720.0,663.55,706.01
2016-06-14,706.02,706.45,650.02,684.95
2016-06-15,684.99,699.3,673.0,698.78
2016-06-16,698.76,777.68,698.76,769.76
2016-06-17,769.71,778.5,709.01,752.26
2016-06-18,752.0,785.15,734.8,758.99
2016-06-19,759.0,771.92,744.77,768.76
2016-06-20,768.94,768.94,701.01,703.12
2016-06-21,706.47,718.26,628.6,667.66
2016-06-22,667.88,679.99,568.11,604.5
2016-06-23,606.13,637.89,544.13,631.1
2016-06-24,631.1,700.0,631.01,669.98
2016-06-25,669.98,699.0,650.0,673.71
2016-06-26,673.71,675.19,625.01,638.56
2016-06-27,638.56,659.98,630.0,657.87
2016-06-28,657.86,663.53,638.0,648.43
2016-06-29,648.43,648.43,630.02,639.42
2016-06-30,639.41,675.0,635.14,673.49
2016-07-01,673.5,688.99,667.0,678.19
2016-07-02,678.09,705.21,676.92,704.95
2016-07-03,705.25,705.25,651.0,663.55
2016-07-04,664.09,683.69,653.16,681.98
2016-07-05,681.98,682.37,662.51,669.87
2016-07-06,669.75,680.79,665.0,678.79
2016-07-07,678.79,683.44,611.94,641.97
2016-07-08,641.97,667.33,638.04,667.33
2016-07-09,667.07,667.3,608.0,657.61
2016-07-10,657.6,657.61,641.0,652.44
2016-07-11,652.43,664.27,648.11,650.97
2016-07-12,651.25,675.5,648.6,666.56
2016-07-13,666.25,671.45,654.86,655.34
2016-07-14,655.3,663.99,640.0,661.65
2016-07-15,661.4,669.98,660.68,667.48
2016-07-16,667.48,669.99,662.01,666.32
2016-07-17,666.3,680.99,665.95,680.0
2016-07-18,680.0,684.94,670.0,675.5
2016-07-19,675.51,676.87,666.17,673.98
2016-07-20,673.98,674.99,664.6,666.92
2016-07-21,667.15,668.4,661.19,667.28
2016-07-22,667.27,669.94,647.59,654.67
2016-07-23,654.7,662.35,653.92,657.5
2016-07-24,657.68,666.37,655.01,661.0
2016-07-25,660.92,664.13,653.77,657.79
2016-07-26,657.99,658.99,645.0,654.06
2016-07-27,654.06,658.99,646.56,657.35
2016-07-28,657.0,659.97,654.1,657.4
2016-07-29,657.4,659.0,651.0,657.0
2016-07-30,657.18,658.98,652.95,655.87
2016-07-31,655.95,657.0,621.37,626.97
2016-08-01,626.97,629.34,599.0,605.2
2016-08-02,604.87,613.38,483.0,537.47
2016-08-03,538.8,576.0,519.3,573.36
2016-08-04,573.35,599.95,562.11,587.5
2016-08-05,587.5,592.87,570.39,583.0
2016-08-06,583.0,591.72,574.5,591.71
2016-08-07,591.7,598.65,587.2,595.14
2016-08-08,595.14,595.99,590.0,591.48
2016-08-09,591.58,594.04,585.38,586.45
2016-08-10,586.75,601.09,583.29,594.94
2016-08-11,594.94,599.99,585.6,587.91
2016-08-12,587.9,590.09,583.62,587.74
2016-08-13,587.68,589.5,586.0,586.45
2016-08-14,586.45,586.49,565.19,574.99
2016-08-15,574.97,574.97,561.56,567.79
2016-08-16,567.85,581.99,566.09,579.02
2016-08-17,579.02,581.99,569.67,574.45
2016-08-18,574.45,576.99,573.0,574.09
2016-08-19,574.05,576.99,572.68,573.67
2016-08-20,573.68,583.92,572.38,581.87
2016-08-21,581.72,583.99,579.34,581.29
2016-08-22,581.34,586.99,579.22,585.2
2016-08-23,585.19,586.77,577.47,582.39
2016-08-24,582.39,582.68,575.29,578.47
2016-08-25,578.68,579.0,573.12,575.58
2016-08-26,575.57,579.86,574.85,579.29
2016-08-27,579.29,579.45,568.95,570.84
2016-08-28,570.83,575.41,569.65,575.41
2016-08-29,575.41,577.73,571.24,573.21
2016-08-30,573.21,576.83,572.53,574.95
2016-08-31,574.95,575.15,569.21,572.89
2016-09-01,572.89,573.31,568.12,573.02
2016-09-02,572.94,577.97,570.0,576.21
2016-09-03,576.41,600.99,574.67,600.91
2016-09-04,600.93,617.13,597.52,611.92
2016-09-05,611.94,611.99,601.63,605.69
2016-09-06,605.93,612.99,605.47,612.99
2016-09-07,612.99,618.53,609.21,615.21
2016-09-08,615.22,631.3,613.43,627.97
2016-09-09,627.97,628.69,618.25,622.07
2016-09-10,622.07,626.54,620.59,623.74
2016-09-11,623.58,630.11,591.8,607.94
2016-09-12,607.94,609.45,603.0,606.74
2016-09-13,606.86,609.99,605.16,608.63
2016-09-14,608.39,611.99,608.0,608.43
2016-09-15,608.47,609.49,603.33,605.44
2016-09-16,605.43,608.1,603.15,607.93
2016-09-17,607.95,608.99,604.0,607.92
2016-09-18,607.92,611.93,607.22,611.4
2016-09-19,611.4,612.46,607.4,608.6
2016-09-20,608.6,609.92,605.6,605.6
2016-09-21,605.6,605.6,592.63,597.0
2016-09-22,597.0,598.54,594.78,596.21
2016-09-23,595.99,603.3,595.14,602.96
2016-09-24,602.96,605.94,601.08,603.68
2016-09-25,603.69,605.99,599.42,601.67
2016-09-26,601.67,607.99,600.02,607.08
2016-09-27,607.04,607.54,601.38,605.71
2016-09-28,605.71,606.0,603.18,605.04
2016-09-29,604.96,606.89,603.56,605.99
2016-09-30,605.99,608.99,605.0,608.99
2016-10-01,608.99,617.19,608.98,615.65
2016-10-02,615.65,615.9,608.66,612.4
2016-10-03,612.42,615.24,610.7,612.99
2016-10-04,612.99,613.23,606.93,610.34
2016-10-05,610.33,614.24,609.22,613.16
2016-10-06,613.16,613.39,610.3,611.88
2016-10-07,611.78,618.7,609.89,617.98
2016-10-08,618.11,620.0,617.55,619.5
2016-10-09,619.46,619.59,617.0,617.42
2016-10-10,617.43,619.2,615.46,618.72
2016-10-11,618.72,647.03,618.13,642.12
2016-10-12,642.3,643.58,631.91,635.79
2016-10-13,635.9,639.85,632.0,635.66
2016-10-14,635.8,639.99,624.08,638.03
2016-10-15,638.03,639.99,636.0,638.16
2016-10-16,638.16,643.91,637.87,641.92
2016-10-17,642.1,643.47,636.27,639.56
2016-10-18,639.56,640.0,632.15,635.11
2016-10-19,635.12,636.99,625.6,629.79
2016-10-20,629.79,629.99,626.01,628.05
2016-10-21,628.19,633.41,627.5,630.83
2016-10-22,630.67,658.0,629.32,652.75
2016-10-23,653.03,655.8,645.33,651.04
2016-10-24,651.05,652.93,645.81,649.98
2016-10-25,649.98,657.5,648.99,654.3
2016-10-26,654.3,678.0,652.51,674.0
2016-10-27,674.0,692.41,673.54,691.21
2016-10-28,691.01,691.19,683.2,689.95
2016-10-29,689.95,725.64,689.39,714.28
2016-10-30,714.28,714.98,692.04,697.41
2016-10-31,697.39,709.68,681.01,696.9
2016-11-01,697.07,737.5,695.74,730.7
2016-11-02,730.7,744.6,720.0,744.6
2016-11-03,744.61,746.16,672.06,690.0
2016-11-04,690.0,708.33,683.8,706.32
2016-11-05,706.05,707.99,697.72,706.99
2016-11-06,706.98,719.83,705.86,717.02
2016-11-07,717.04,717.32,701.35,706.42
2016-11-08,706.41,716.45,704.16,711.15
2016-11-09,711.3,747.26,710.05,720.97
2016-11-10,721.0,723.61,705.84,712.91
2016-11-11,713.0,718.99,712.5,716.9
2016-11-12,716.56,716.99,702.42,704.53
2016-11-13,704.63,705.94,685.7,704.01
2016-11-14,704.01,708.57,695.07,708.32
2016-11-15,708.4,716.3,671.23,712.29
2016-11-16,711.92,743.8,710.0,739.85
2016-11-17,738.07,750.01,729.01,730.71
2016-11-18,729.61,751.0,728.89,748.54
2016-11-19,748.55,752.3,738.0,750.77
2016-11-20,750.77,753.81,715.0,731.99
2016-11-21,731.72,738.47,730.0,736.4
2016-11-22,736.39,748.77,726.38,746.66
2016-11-23,746.66,747.12,734.0,741.52
2016-11-24,741.51,743.99,727.0,737.99
2016-11-25,737.99,739.99,729.0,739.74
2016-11-26,739.51,739.98,726.0,735.7
2016-11-27,735.69,737.95,728.01,729.24
2016-11-28,729.24,736.44,729.0,729.77
2016-11-29,730.18,734.36,728.2,732.37
2016-11-30,732.44,745.0,729.17,742.69
2016-12-01,742.51,754.9,741.59,754.0
2016-12-02,754.0,780.0,753.53,769.25
2016-12-03,769.78,771.92,759.0,766.98
2016-12-04,766.86,769.76,762.83,767.99
2016-12-05,767.94,767.99,748.6,752.0
2016-12-06,752.01,761.58,752.0,759.8
2016-12-07,759.93,768.9,750.26,764.34
2016-12-08,764.34,772.82,761.71,767.89
2016-12-09,767.9,773.22,765.97,773.22
2016-12-10,773.15,776.99,770.0,775.87
2016-12-11,776.05,776.08,765.0,771.05
2016-12-12,771.05,782.0,770.88,778.94
2016-12-13,779.26,790.34,772.76,776.18
2016-12-14,776.65,781.8,773.2,777.66
2016-12-15,777.66,780.0,775.0,776.16
2016-12-16,776.16,785.0,774.8,780.98
2016-12-17,780.85,791.97,779.5,788.57
2016-12-18,788.98,791.96,787.19,790.72
2016-12-19,790.71,794.99,789.0,790.81
2016-12-20,791.0,799.21,788.58,798.99
2016-12-21,798.98,834.5,798.88,834.5
2016-12-22,834.15,875.75,832.38,856.02
2016-12-23,856.45,918.5,855.45,917.26
2016-12-24,917.28,918.19,880.1,891.5
2016-12-25,891.59,897.4,851.11,896.12
2016-12-26,895.94,908.24,890.0,902.09
2016-12-27,902.08,943.36,895.0,925.2
2016-12-28,925.28,983.46,923.95,982.17
2016-12-29,982.25,988.88,950.5,970.72
2016-12-30,970.51,970.51,930.3,960.81
2016-12-31,961.52,973.37,949.0,973.37
2017-01-01,973.37,1000.0,964.37,992.95
2017-01-02,992.96,1034.39,990.52,1011.45
2017-01-03,1011.52,1036.99,1006.71,1020.67
2017-01-04,1020.69,1147.0,1018.0,1130.3
2017-01-05,1131.1,1175.0,880.0,1007.0
2017-01-06,1007.0,1033.85,875.01,895.71
2017-01-07,895.78,910.0,802.07,909.0
2017-01-08,908.99,953.8,899.16,923.33
2017-01-09,922.04,923.58,886.42,902.66
2017-01-10,902.66,915.1,899.01,907.0
2017-01-11,906.81,923.98,765.0,795.77
2017-01-12,795.8,840.0,734.64,812.25
2017-01-13,812.25,835.01,782.85,831.42
2017-01-14,831.42,847.52,822.34,828.0
2017-01-15,828.0,835.0,819.0,833.31
2017-01-16,833.43,840.0,826.03,834.41
2017-01-17,834.4,909.0,830.1,906.0
2017-01-18,906.09,916.7,850.0,887.99
2017-01-19,887.98,907.0,883.08,902.92
2017-01-20,902.92,904.59,890.0,894.31
2017-01-21,894.31,930.0,891.28,925.06
2017-01-22,925.06,946.25,902.0,931.22
2017-01-23,929.45,931.33,910.63,910.7
2017-01-24,911.78,923.0,880.0,887.0
2017-01-25,887.0,903.98,886.99,896.0
2017-01-26,896.75,921.95,896.0,917.02
2017-01-27,917.02,924.47,911.0,922.63
2017-01-28,922.89,925.5,921.81,924.98
2017-01-29,924.69,927.47,915.0,916.54
2017-01-30,916.56,923.95,914.69,923.23
2017-01-31,923.26,972.3,922.94,970.01
2017-02-01,970.01,992.75,963.84,992.75
2017-02-02,992.75,1010.0,978.74,1008.38
2017-02-03,1008.4,1024.5,994.34,1018.0
2017-02-04,1018.48,1044.12,1001.8,1035.54
2017-02-05,1035.54,1036.3,1003.02,1016.32
2017-02-06,1016.32,1027.7,1014.64,1022.58
2017-02-07,1022.65,1058.26,1021.75,1053.96
2017-02-08,1053.95,1069.95,1016.49,1056.7
2017-02-09,1057.22,1079.0,925.0,994.24
2017-02-10,993.58,1008.0,961.0,1001.99
2017-02-11,1001.88,1023.89,995.49,1018.65
2017-02-12,1018.63,1018.88,1008.0,1010.0
2017-02-13,1009.99,1021.5,985.68,1002.82
2017-02-14,1002.88,1018.97,992.27,1013.92
2017-02-15,1013.92,1016.0,1007.66,1014.53
2017-02-16,1014.58,1041.88,1013.02,1038.94
2017-02-17,1038.95,1064.6,1036.29,1057.3
2017-02-18,1057.29,1073.8,1055.6,1062.15
2017-02-19,1062.14,1067.78,1051.26,1059.88
2017-02-20,1059.88,1095.0,1051.36,1089.82
2017-02-21,1089.98,1132.95,1081.95,1128.29
2017-02-22,1129.67,1140.0,1104.9,1128.71
2017-02-23,1129.87,1197.0,1128.22,1186.9
2017-02-24,1185.81,1221.93,1103.32,1186.91
2017-02-25,1186.91,1189.49,1110.0,1158.0
2017-02-26,1157.98,1187.33,1130.88,1184.91
2017-02-27,1184.91,1198.99,1176.0,1195.81
2017-02-28,1195.84,1214.94,1179.64,1195.08
2017-03-01,1194.53,1230.0,1085.71,1230.0
2017-03-02,1230.0,1298.61,1220.0,1269.17
2017-03-03,1269.17,1294.99,1255.61,1292.86
2017-03-04,1293.06,1294.48,1226.41,1273.97
2017-03-05,1273.94,1278.99,1247.11,1278.98
2017-03-06,1278.63,1288.0,1268.78,1284.99
2017-03-07,1284.99,1288.0,1050.0,1237.36
2017-03-08,1237.36,1246.0,1128.0,1150.22
2017-03-09,1150.22,1214.95,1131.11,1197.3
2017-03-10,1197.3,1360.0,956.85,1109.01
2017-03-11,1111.92,1219.0,1107.0,1188.11
2017-03-12,1188.11,1244.0,1150.0,1235.58
2017-03-13,1235.27,1249.0,1206.0,1245.49
2017-03-14,1245.5,1262.0,1213.55,1247.42
2017-03-15,1247.43,1264.55,1240.0,1263.0
2017-03-16,1263.55,1277.27,1117.77,1175.11
2017-03-17,1175.11,1175.11,1065.74,1069.57
2017-03-18,1068.78,1096.0,919.44,970.0
2017-03-19,970.0,1062.92,961.59,1019.49
2017-03-20,1019.1,1051.97,1011.0,1044.96
2017-03-21,1046.75,1120.0,1042.68,1114.42
2017-03-22,1114.42,1114.96,985.17,1034.57
2017-03-23,1038.94,1057.41,1013.0,1025.14
2017-03-24,1025.13,1030.3,920.1,934.87
2017-03-25,933.93,973.99,890.05,963.72
2017-03-26,963.72,1005.0,943.9,973.08
2017-03-27,973.97,1045.9,961.1,1042.08
2017-03-28,1042.27,1069.39,1016.25,1045.4
2017-03-29,1045.54,1058.16,1005.77,1043.27
2017-03-30,1043.09,1052.94,1022.0,1042.34
2017-03-31,1042.32,1094.49,1038.11,1088.99
2017-04-01,1088.99,1110.95,1071.45,1092.0
2017-04-02,1092.0,1119.0,1080.0,1113.99
2017-04-03,1113.23,1168.72,1112.24,1152.6
2017-04-04,1152.09,1164.14,1124.98,1143.99
2017-04-05,1143.98,1144.99,1114.9,1132.99
2017-04-06,1132.99,1206.97,1132.98,1192.3
2017-04-07,1192.29,1203.0,1175.26,1194.0
2017-04-08,1194.0,1198.0,1170.0,1184.5
2017-04-09,1184.5,1221.0,1175.8,1210.97
2017-04-10,1210.99,1219.78,1201.0,1210.0
2017-04-11,1210.0,1234.0,1200.0,1223.99
2017-04-12,1224.0,1227.86,1209.61,1214.17
2017-04-13,1214.68,1219.49,1148.98,1177.05
2017-04-14,1177.05,1196.92,1170.14,1173.74
2017-04-15,1173.13,1190.99,0.06,1178.85
2017-04-16,1178.84,1189.93,1171.7,1177.99
2017-04-17,1177.63,1197.6,1170.85,1189.91
2017-04-18,1190.95,1206.65,1189.76,1201.94
2017-04-19,1201.88,1215.32,1191.09,1214.21
2017-04-20,1214.22,1240.6,1212.01,1236.15
2017-04-21,1236.15,1258.77,1236.15,1249.99
2017-04-22,1249.98,1253.0,1221.51,1247.0
2017-04-23,1246.79,1254.0,1236.2,1251.98
2017-04-24,1251.91,1261.16,1246.31,1257.29
2017-04-25,1256.65,1287.0,1256.16,1281.16
2017-04-26,1281.18,1320.0,1279.5,1298.44
2017-04-27,1297.56,1360.0,1295.39,1349.26
2017-04-28,1349.77,1381.01,1300.2,1353.34
2017-04-29,1352.96,1369.5,1335.64,1365.43
2017-04-30,1364.98,1394.51,1334.02,1384.55
2017-05-01,1384.55,1466.69,1370.98,1436.5
2017-05-02,1436.5,1492.93,1426.51,1471.99
2017-05-03,1471.79,1533.0,1453.68,1533.0
2017-05-04,1533.0,1665.0,1482.06,1563.39
2017-05-05,1561.47,1630.0,1535.11,1551.3
2017-05-06,1551.3,1598.89,1551.3,1585.39
2017-05-07,1585.49,1618.31,1563.87,1609.57
2017-05-08,1611.1,1713.0,1608.0,1713.0
2017-05-09,1712.99,1794.7,1630.0,1720.43
2017-05-10,1720.24,1799.99,1691.3,1794.99
2017-05-11,1794.95,1889.0,1770.95,1837.93
2017-05-12,1837.98,1838.0,1651.01,1695.61
2017-05-13,1695.56,1792.96,1610.0,1792.73
2017-05-14,1791.7,1829.0,1763.33,1799.99
2017-05-15,1799.98,1802.99,1702.42,1747.81
2017-05-16,1747.81,1777.76,1690.14,1777.48
2017-05-17,1777.49,1840.0,1745.05,1813.23
2017-05-18,1813.23,1900.0,1800.0,1899.16
2017-05-19,1899.47,1980.0,1890.73,1976.23
2017-05-20,1976.22,2059.0,1970.04,2058.91
2017-05-21,2058.89,2102.68,1988.6,2057.0
2017-05-22,2056.99,2298.0,1975.0,2123.29
2017-05-23,2123.29,2283.0,2100.86,2272.75
2017-05-24,2272.74,2474.69,2266.51,2432.97
2017-05-25,2432.96,2806.0,2226.86,2355.0
2017-05-26,2362.17,2683.18,2052.01,2272.7
2017-05-27,2276.46,2353.35,1913.19,2099.99
2017-05-28,2099.99,2342.99,2099.86,2232.78
2017-05-29,2237.0,2357.86,2141.12,2279.48
2017-05-30,2279.18,2336.88,2112.31,2191.58
2017-05-31,2191.6,2338.91,2173.8,2303.29
2017-06-01,2303.61,2488.0,2302.0,2419.99
2017-06-02,2419.98,2478.99,2379.44,2478.99
2017-06-03,2478.99,2599.0,2448.0,2548.05
2017-06-04,2548.3,2556.1,2469.98,2521.36
2017-06-05,2521.43,2698.0,2517.02,2698.0
2017-06-06,2698.0,2938.55,2674.69,2871.29
2017-06-07,2871.29,2885.0,2598.7,2685.64
2017-06-08,2690.02,2808.78,2611.41,2799.73
2017-06-09,2799.76,2861.58,2786.2,2811.39
2017-06-10,2811.37,2942.04,2801.25,2931.15
2017-06-11,2931.16,2998.99,2881.0,2998.98
2017-06-12,2998.98,2999.99,2463.89,2655.71
2017-06-13,2654.36,2798.99,2649.47,2709.01
2017-06-14,2709.02,2827.0,2330.0,2432.21
2017-06-15,2432.21,2525.0,2050.0,2409.98
2017-06-16,2409.98,2524.65,2287.84,2480.43
2017-06-17,2480.44,2679.24,2413.96,2634.94
2017-06-18,2634.94,2670.0,2455.01,2515.25
2017-06-19,2515.25,2597.0,2481.92,2596.98
2017-06-20,2596.99,2776.95,2585.42,2725.08
2017-06-21,2725.11,2781.59,2559.51,2643.35
2017-06-22,2643.33,2724.69,2598.0,2679.99
2017-06-23,2679.93,2743.0,2665.0,2690.76
2017-06-24,2690.76,2718.37,2503.05,2574.84
2017-06-25,2574.86,2625.0,2430.05,2505.61
2017-06-26,2505.61,2563.9,2258.34,2407.91
2017-06-27,2407.91,2575.75,2264.0,2575.75
2017-06-28,2573.22,2605.0,2457.0,2553.12
2017-06-29,2553.13,2591.98,2506.1,2530.0
2017-06-30,2531.16,2554.01,2446.2,2455.19
2017-07-01,2455.19,2515.0,2400.0,2423.63
2017-07-02,2424.08,2545.0,2385.0,2516.66
2017-07-03,2515.37,2584.78,2479.75,2542.41
2017-07-04,2542.41,2636.1,2542.18,2602.0
2017-07-05,2602.0,2630.24,2551.06,2616.96
2017-07-06,2616.96,2623.54,2580.69,2604.84
2017-07-07,2604.89,2607.61,2472.0,2501.15
2017-07-08,2501.15,2563.5,2471.22,2561.11
2017-07-09,2560.84,2579.84,2500.0,2508.99
2017-07-10,2508.0,2523.0,2250.0,2331.05
2017-07-11,2330.93,2410.0,2265.0,2310.01
2017-07-12,2310.0,2415.0,2250.0,2383.42
2017-07-13,2384.35,2416.79,2308.14,2340.0
2017-07-14,2340.0,2349.28,2150.0,2217.24
2017-07-15,2217.02,2224.82,1964.31,1964.31
2017-07-16,1964.33,2043.94,1758.2,1911.78
2017-07-17,1911.79,2238.07,1909.58,2235.19
2017-07-18,2235.14,2393.43,2134.37,2308.15
2017-07-19,2307.48,2396.0,2216.0,2258.99
2017-07-20,2258.99,2957.0,2258.99,2873.48
2017-07-21,2873.45,2880.0,2608.27,2657.45
2017-07-22,2661.05,2869.88,2646.95,2825.27
2017-07-23,2825.27,2848.0,2691.0,2754.28
2017-07-24,2755.19,2799.2,2726.8,2762.26
2017-07-25,2761.68,2782.44,2449.69,2564.0
2017-07-26,2564.0,2614.0,2403.0,2525.99
2017-07-27,2525.98,2686.2,2514.1,2664.99
2017-07-28,2664.99,2825.11,2655.55,2786.07
2017-07-29,2786.07,2790.99,2656.0,2700.21
2017-07-30,2700.2,2739.98,2500.0,2723.99
2017-07-31,2723.99,2900.0,2700.0,2856.88
2017-08-01,2856.89,2925.0,2676.01,2732.59
2017-08-02,2731.6,2758.06,2650.0,2699.9
2017-08-03,2699.9,2799.0,2699.89,2787.02
2017-08-04,2787.05,2877.79,2760.0,2857.34
2017-08-05,2857.34,3335.0,2857.34,3243.49
2017-08-06,3243.5,3278.42,3150.0,3222.22
2017-08-07,3222.22,3416.0,3190.0,3398.23
2017-08-08,3398.23,3489.0,3349.91,3422.43
2017-08-09,3423.28,3428.29,3232.62,3342.8
2017-08-10,3342.8,3448.0,3317.0,3444.98
2017-08-11,3444.98,3725.0,3416.86,3656.15
2017-08-12,3656.14,3974.0,3622.87,3874.0
2017-08-13,3874.0,4200.0,3850.0,4060.47
2017-08-14,4060.47,4328.0,3985.01,4320.6
2017-08-15,4320.53,4434.42,3807.14,4159.93
2017-08-16,4159.93,4385.5,3928.82,4370.01
2017-08-17,4370.01,4469.0,4180.0,4280.01
2017-08-18,4280.01,4350.0,3960.47,4101.72
2017-08-19,4101.72,4186.1,4000.0,4157.41
2017-08-20,4157.41,4190.21,4044.52,4050.99
2017-08-21,4050.99,4089.99,3950.88,4002.0
2017-08-22,4002.0,4145.0,3583.46,4092.0
2017-08-23,4092.0,4247.88,4058.26,4143.49
2017-08-24,4142.5,4349.99,4112.76,4312.03
2017-08-25,4312.03,4453.9,4284.01,4360.0
2017-08-26,4360.0,4374.39,4260.01,4344.32
2017-08-27,4344.32,4392.0,4309.87,4340.11
2017-08-28,4343.5,4396.0,4200.0,4384.99
2017-08-29,4384.99,4656.83,4350.0,4599.0
2017-08-30,4599.01,4635.21,4500.55,4581.98
2017-08-31,4581.98,4769.03,4580.84,4743.94
2017-09-01,4743.94,4948.0,4706.0,4947.99
2017-09-02,4948.0,4980.0,4500.0,4649.99
2017-09-03,4642.39,4749.99,4524.0,4626.05
2017-09-04,4626.05,4628.05,4234.16,4498.25
2017-09-05,4498.46,4514.95,4242.38,4432.51
2017-09-06,4432.51,4692.0,4431.0,4616.18
2017-09-07,4616.18,4665.44,4475.01,4624.18
2017-09-08,4624.18,4679.99,4140.0,4350.0
2017-09-09,4350.0,4449.95,4180.0,4334.36
2017-09-10,4334.36,4349.99,4139.0,4251.36
2017-09-11,4251.36,4365.0,4111.14,4210.72
2017-09-12,4210.72,4375.37,4080.0,4164.52
2017-09-13,4164.52,4174.53,3726.0,3855.32
2017-09-14,3855.61,3923.0,3230.05,3250.4
2017-09-15,3249.99,3894.48,2975.01,3740.02
2017-09-16,3740.02,4042.98,3600.0,3726.51
2017-09-17,3726.51,3841.0,3475.64,3719.97
2017-09-18,3719.98,4130.0,3717.56,4100.0
2017-09-19,4100.0,4125.22,3850.44,3910.11
2017-09-20,3910.11,4044.0,3850.01,3872.06
2017-09-21,3872.07,3903.57,3571.0,3617.47
2017-09-22,3617.47,3767.77,3509.79,3619.01
2017-09-23,3619.01,3818.89,3580.0,3787.33
2017-09-24,3787.33,3789.36,3630.01,3669.01
2017-09-25,3669.01,3969.37,3669.01,3919.78
2017-09-26,3919.98,3960.0,3854.29,3885.09
2017-09-27,3885.09,4228.39,3880.36,4200.0
2017-09-28,4200.0,4269.95,4122.0,4189.42
2017-09-29,4189.42,4212.99,4015.17,4156.99
2017-09-30,4156.99,4356.28,4143.52,4339.0
2017-10-01,4339.01,4396.99,4256.92,4394.81
2017-10-02,4394.81,4470.0,4354.23,4392.71
2017-10-03,4392.71,4419.95,4240.0,4307.99
2017-10-04,4307.99,4344.0,4175.3,4214.84
2017-10-05,4214.84,4365.21,4150.01,4320.04
2017-10-06,4320.02,4407.0,4299.99,4362.99
2017-10-07,4363.0,4449.42,4320.0,4425.0
2017-10-08,4425.0,4612.0,4420.01,4603.49
2017-10-09,4603.5,4875.39,4561.0,4769.55
2017-10-10,4769.55,4925.65,4701.53,4750.0
2017-10-11,4750.0,4869.97,4720.21,4814.99
2017-10-12,4814.99,5440.92,4809.59,5440.0
2017-10-13,5440.0,5867.0,5390.0,5624.8
2017-10-14,5624.87,5839.8,5567.86,5819.13
2017-10-15,5819.13,5849.83,5455.5,5693.7
2017-10-16,5693.7,5785.3,5575.55,5754.9
2017-10-17,5754.9,5769.99,5525.0,5594.0
2017-10-18,5593.97,5600.0,5102.0,5574.44
2017-10-19,5574.02,5750.0,5529.44,5704.01
2017-10-20,5704.0,6063.99,5630.0,5989.1
2017-10-21,5989.1,6189.1,5868.26,6024.86
2017-10-22,6024.85,6082.3,5755.95,6005.05
2017-10-23,6005.05,6057.02,5650.98,5905.99
2017-10-24,5906.0,5906.0,5462.19,5525.43
2017-10-25,5525.43,5765.0,5376.71,5739.97
2017-10-26,5739.97,6000.0,5701.0,5891.61
2017-10-27,5891.61,5998.0,5708.8,5780.0
2017-10-28,5780.0,5894.0,5715.0,5752.01
2017-10-29,5752.01,6298.99,5728.0,6140.01
2017-10-30,6140.01,6200.0,6028.0,6124.16
2017-10-31,6124.16,6472.13,6095.96,6445.01
2017-11-01,6445.01,6784.0,6363.59,6783.69
2017-11-02,6783.69,7445.0,6759.0,7039.98
2017-11-03,7039.99,7449.99,6955.89,7170.01
2017-11-04,7170.01,7498.0,7011.1,7412.55
2017-11-05,7412.35,7630.0,7310.0,7392.0
2017-11-06,7391.95,7432.49,6900.73,6969.76
2017-11-07,6969.76,7232.84,6968.49,7126.63
2017-11-08,7128.99,7898.0,7031.66,7467.96
2017-11-09,7467.97,7470.01,7079.0,7156.0
2017-11-10,7156.0,7350.0,6426.0,6577.62
2017-11-11,6577.63,6894.99,6201.01,6346.7
2017-11-12,6346.64,6486.0,5511.11,5886.35
2017-11-13,5886.35,6841.45,5850.0,6535.87
2017-11-14,6535.87,6748.0,6450.0,6605.0
2017-11-15,6605.0,7349.0,6605.0,7294.0
2017-11-16,7294.0,7985.37,7130.0,7838.53
2017-11-17,7838.54,7988.5,7536.0,7714.71
2017-11-18,7714.7,7847.98,7502.0,7777.01
2017-11-19,7777.01,8098.62,7700.0,8031.82
2017-11-20,8031.83,8293.25,7969.0,8256.01
2017-11-21,8256.01,8375.0,7802.99,8109.0
2017-11-22,8109.0,8298.98,8103.13,8250.0
2017-11-23,8250.0,8274.98,8031.16,8031.16
2017-11-24,8031.16,8324.0,7900.0,8215.01
2017-11-25,8215.01,8795.5,8203.98,8795.5
2017-11-26,8795.5,9596.0,8795.5,9401.11
2017-11-27,9401.11,9795.0,9401.0,9768.71
2017-11-28,9768.71,9989.95,9705.99,9949.0
2017-11-29,9949.0,11485.0,8595.55,9935.98
2017-11-30,9920.81,10850.0,9135.6,9903.0
2017-12-01,9903.01,10937.0,9517.0,10869.84
2017-12-02,10869.85,11100.0,10701.0,10930.24
2017-12-03,10930.24,11891.0,10601.0,11290.0
2017-12-04,11290.0,11650.0,10950.0,11643.98
2017-12-05,11643.99,11875.0,11532.0,11718.35
2017-12-06,11718.34,14425.0,11717.5,14090.0
2017-12-07,14090.0,19697.0,13500.0,17390.01
2017-12-08,17390.01,17777.69,13788.99,16367.03
2017-12-09,16367.03,16499.0,13550.0,15309.98
2017-12-10,15309.99,16300.0,13501.0,15290.01
2017-12-11,15290.01,17493.0,15200.0,16885.76
2017-12-12,16885.76,18149.99,16375.0,17730.12
2017-12-13,17730.12,17900.0,15700.0,16689.61
2017-12-14,16689.62,17199.6,16256.0,16749.78
2017-12-15,16749.79,17899.0,16745.0,17738.67
2017-12-16,17738.68,19797.0,17630.0,19650.01
2017-12-17,19650.02,19891.99,19010.0,19378.99
2017-12-18,19378.99,19385.0,18200.0,19039.01
2017-12-19,19039.01,19099.0,16800.0,17838.73
2017-12-20,17838.73,17890.0,14001.0,16496.89
2017-12-21,16496.9,17364.57,15151.0,15758.8
2017-12-22,15758.8,15974.95,10400.0,14210.57
2017-12-23,14229.47,16261.0,13750.0,15075.89
2017-12-24,15075.89,15109.27,13210.0,14221.94
2017-12-25,14221.93,14774.0,13450.0,14171.98
2017-12-26,14171.99,16148.0,14171.98,15790.88
2017-12-27,15790.88,16490.0,14524.37,15367.08
2017-12-28,15360.01,15489.0,13500.0,14450.01
2017-12-29,14450.01,15105.34,14041.81,14565.05
2017-12-30,14565.04,14639.79,12500.0,12839.99
2017-12-31,12839.98,14280.26,12633.8,13863.13
2018-01-01,13863.14,13889.0,12952.5,13480.01
2018-01-02,13480.0,15275.0,13005.0,14781.51
2018-01-03,14781.52,15400.0,14628.0,15098.14
2018-01-04,15098.23,15400.0,14230.0,15144.99
2018-01-05,15145.0,17178.0,14819.78,16960.01
2018-01-06,16960.01,17174.0,16251.01,17098.99
2018-01-07,17099.0,17115.01,15755.01,16174.22
2018-01-08,16174.22,16275.0,14000.0,14993.74
2018-01-09,14993.73,15384.0,14230.0,14480.99
2018-01-10,14481.0,14875.18,13550.01,14875.18
2018-01-11,14875.17,14970.0,12800.01,13308.06
2018-01-12,13308.06,14080.83,12900.0,13820.0
2018-01-13,13820.0,14500.0,13792.25,14187.95
2018-01-14,14187.94,14332.85,13110.0,13656.23
2018-01-15,13656.23,14253.0,13416.0,13590.0
2018-01-16,13590.0,13643.66,9928.62,11570.01
2018-01-17,11570.01,12358.89,9005.0,11200.01
2018-01-18,11204.64,12123.1,10687.21,11305.53
2018-01-19,11305.53,11973.99,11050.0,11498.99
2018-01-20,11499.0,12985.55,11498.99,12762.8
2018-01-21,12762.8,12762.8,11118.0,11518.17
2018-01-22,11518.17,11849.0,10025.0,10766.7
2018-01-23,10766.7,11370.0,9945.0,10824.94
2018-01-24,10824.95,11450.0,10450.0,11356.79
2018-01-25,11356.8,11690.0,10851.0,11118.0
2018-01-26,11118.0,11570.0,10305.0,11086.89
2018-01-27,11086.88,11494.08,10850.0,11319.0
2018-01-28,11319.0,11697.24,11234.38,11536.0
2018-01-29,11536.0,11570.0,10840.0,11123.01
2018-01-30,11123.01,11150.0,9711.11,9995.0
2018-01-31,9995.0,10299.95,9601.02,10099.99
2018-02-01,10099.99,10166.25,8400.0,9014.23
2018-02-02,9014.22,9090.08,7540.0,8787.52
2018-02-03,8787.52,9499.0,8115.48,9240.0
2018-02-04,9227.8,9350.0,7859.0,8167.91
2018-02-05,8167.9,8349.16,6425.75,6905.19
2018-02-06,6905.2,7948.89,5873.0,7688.46
2018-02-07,7688.47,8650.0,7212.82,7575.75
2018-02-08,7575.76,8625.0,7550.0,8218.1
2018-02-09,8218.07,8700.0,7750.0,8671.01
2018-02-10,8671.0,9090.0,8155.0,8547.49
2018-02-11,8547.48,8547.49,7851.0,8072.99
2018-02-12,8073.0,8950.0,8072.99,8872.28
2018-02-13,8872.27,8925.0,8393.1,8520.01
2018-02-14,8520.01,9482.5,8520.0,9472.98
2018-02-15,9472.98,10249.81,9342.46,10031.23
2018-02-16,10031.23,10307.68,9729.58,10167.49
2018-02-17,10167.49,11149.0,10057.0,11121.5
2018-02-18,11121.5,11299.1,10159.0,10380.04
2018-02-19,10380.03,11274.11,10297.39,11140.0
2018-02-20,11140.0,11775.0,11000.0,11235.57
2018-02-21,11235.57,11279.99,10250.0,10454.27
2018-02-22,10453.83,10900.0,9715.27,9830.0
2018-02-23,9830.0,10390.77,9576.43,10144.99
2018-02-24,10144.99,10494.14,9372.72,9688.62
2018-02-25,9688.61,9850.0,9324.75,9597.99
2018-02-26,9600.0,10447.74,9404.0,10300.0
2018-02-27,10300.0,10845.07,10133.33,10566.57
2018-02-28,10556.3,11044.0,10263.0,10307.27
2018-03-01,10307.26,11075.0,10213.99,10895.92
2018-03-02,10895.93,11149.0,10765.0,11000.0
2018-03-03,11000.01,11494.57,11000.0,11432.5
2018-03-04,11432.51,11487.0,11041.0,11469.9
2018-03-05,11469.9,11645.74,11339.0,11377.54
2018-03-06,11371.5,11395.63,10565.85,10700.0
2018-03-07,10700.0,10894.0,9400.0,9925.0
2018-03-08,9925.0,10098.0,9050.0,9304.89
2018-03-09,9304.9,9410.0,8370.0,9255.0
2018-03-10,9255.0,9518.77,8720.08,8795.44
2018-03-11,8795.45,9760.0,8516.0,9533.88
2018-03-12,9533.88,9890.0,8780.49,9120.0
2018-03-13,9120.0,9472.88,8855.0,9145.41
2018-03-14,9145.42,9340.0,7931.0,8207.02
2018-03-15,8207.02,8400.0,7666.0,8259.99
2018-03-16,8260.0,8600.0,7911.0,8275.0
2018-03-17,8274.09,8349.82,7751.0,7857.6
2018-03-18,7857.59,8302.73,7310.0,8192.0
2018-03-19,8192.0,8757.5,8108.31,8589.0
2018-03-20,8589.0,9046.26,8316.15,8900.0
2018-03-21,8900.0,9174.0,8745.0,8891.81
2018-03-22,8891.81,9073.93,8467.27,8715.09
2018-03-23,8715.09,8927.81,8280.04,8927.1
2018-03-24,8927.8,8999.0,8508.0,8531.34
2018-03-25,8531.96,8670.0,8359.45,8453.0
2018-03-26,8453.0,8498.0,7854.0,8145.0
2018-03-27,8144.99,8219.99,7757.0,7793.61
2018-03-28,7793.61,8088.0,7727.76,7942.72
2018-03-29,7942.73,7957.0,6905.0,7080.0
2018-03-30,7080.0,7275.35,6600.0,6848.01
2018-03-31,6848.01,7200.0,6780.0,6928.5
2018-04-01,6928.5,7044.46,6450.0,6816.01
2018-04-02,6816.01,7100.0,6777.28,7045.01
2018-04-03,7045.01,7520.0,7016.8,7424.9
2018-04-04,7424.91,7424.91,6708.46,6791.68
2018-04-05,6791.68,6933.11,6568.64,6785.85
2018-04-06,6785.86,6847.0,6518.88,6619.01
2018-04-07,6619.01,7064.64,6605.08,6894.01
2018-04-08,6894.01,7099.99,6880.0,7020.01
2018-04-09,7020.01,7169.53,6617.0,6771.13
2018-04-10,6771.14,6893.29,6661.19,6824.99
2018-04-11,6825.0,6974.0,6806.01,6942.99
2018-04-12,6943.0,8050.0,6767.77,7916.0
2018-04-13,7915.99,8220.0,7760.0,7893.19
2018-04-14,7893.19,8150.0,7830.0,8003.11
2018-04-15,8003.12,8392.56,8003.11,8355.25
2018-04-16,8355.24,8398.98,7905.99,8048.93
2018-04-17,8048.92,8162.5,7822.0,7892.1
2018-04-18,7892.11,8243.99,7879.8,8152.05
2018-04-19,8152.05,8300.0,8101.47,8274.0
2018-04-20,8274.0,8932.57,8216.21,8866.27
2018-04-21,8866.27,9038.87,8610.7,8915.42
2018-04-22,8915.42,9015.0,8754.01,8795.01
2018-04-23,8795.0,8991.0,8775.1,8931.3
2018-04-24,8931.31,9728.56,8930.0,9645.1
2018-04-25,9645.0,9763.49,8602.43,8865.98
2018-04-26,8865.98,9318.0,8660.0,9272.11
2018-04-27,9272.12,9369.0,8910.0,8922.55
2018-04-28,8922.56,9447.0,8863.42,9329.99
2018-04-29,9329.99,9512.5,9179.99,9389.01
2018-04-30,9389.01,9447.0,9110.88,9243.83
2018-05-01,9243.83,9245.37,8831.21,9072.29
2018-05-02,9072.29,9251.05,8990.0,9190.48
2018-05-03,9190.47,9800.0,9131.0,9725.74
2018-05-04,9725.74,9745.0,9451.5,9685.0
2018-05-05,9685.0,9948.12,9660.28,9800.0
2018-05-06,9799.99,9880.0,9390.0,9600.0
2018-05-07,9600.0,9619.55,9162.85,9353.0
2018-05-08,9356.25,9463.13,9050.0,9177.82
2018-05-09,9177.81,9370.0,8960.0,9300.08
2018-05-10,9300.08,9386.32,9001.01,9010.51
2018-05-11,9010.51,9010.51,8351.0,8403.33
2018-05-12,8403.33,8658.57,8223.43,8475.0
2018-05-13,8474.31,8774.32,8345.0,8686.1
2018-05-14,8686.1,8880.01,8289.79,8670.0
2018-05-15,8670.0,8847.0,8420.45,8477.46
2018-05-16,8477.47,8500.0,8103.33,8344.0
2018-05-17,8344.01,8483.48,8001.0,8059.0
2018-05-18,8059.0,8280.0,7927.21,8238.51
2018-05-19,8238.51,8390.0,8152.54,8235.6
2018-05-20,8235.6,8600.0,8172.0,8516.86
2018-05-21,8516.86,8584.39,8309.23,8393.44
2018-05-22,8393.43,8400.0,7950.0,7987.7
2018-05-23,7987.7,8030.06,7433.19,7505.0
2018-05-24,7505.01,7734.99,7269.0,7584.15
2018-05-25,7584.15,7661.85,7326.94,7459.11
2018-05-26,7459.11,7640.46,7287.23,7337.95
2018-05-27,7337.94,7392.7,7229.01,7346.64
2018-05-28,7346.64,7444.8,7087.0,7107.94
2018-05-29,7107.94,7524.99,7058.0,7460.0
2018-05-30,7460.0,7557.78,7272.71,7380.01
2018-05-31,7380.0,7609.99,7340.0,7485.0
2018-06-01,7485.0,7599.99,7351.01,7514.32
2018-06-02,7514.32,7697.09,7440.0,7636.42
2018-06-03,7636.41,7777.0,7583.24,7706.37
2018-06-04,7706.37,7747.57,7447.61,7487.37
2018-06-05,7487.37,7677.5,7355.0,7612.51
2018-06-06,7612.51,7691.0,7484.0,7655.0
2018-06-07,7655.0,7747.0,7635.0,7684.93
2018-06-08,7684.93,7690.0,7536.58,7618.8
2018-06-09,7616.0,7680.0,7468.0,7496.4
2018-06-10,7496.41,7496.41,6652.0,6770.31
2018-06-11,6770.31,6913.83,6666.66,6881.0
2018-06-12,6881.0,6885.84,6450.0,6545.0
2018-06-13,6549.47,6618.95,6135.0,6302.31
2018-06-14,6302.32,6750.0,6269.0,6638.49
2018-06-15,6638.49,6660.0,6370.0,6391.22
2018-06-16,6391.21,6549.99,6330.0,6484.29
2018-06-17,6484.3,6570.01,6428.14,6447.16
2018-06-18,6447.15,6807.64,6385.0,6709.02
2018-06-19,6709.19,6829.06,6670.01,6736.41
2018-06-20,6736.41,6817.0,6557.66,6759.18
2018-06-21,6759.54,6787.0,6682.3,6719.01
2018-06-22,6719.01,6725.0,5921.21,6059.82
2018-06-23,6059.82,6250.0,6040.01,6178.29
2018-06-24,6178.29,6255.8,5777.0,6149.99
2018-06-25,6150.0,6340.01,6070.13,6246.01
2018-06-26,6246.01,6271.0,6006.39,6074.0
2018-06-27,6074.01,6175.43,5983.56,6132.17
2018-06-28,6132.16,6161.47,5816.6,5851.66
2018-06-29,5850.25,6300.0,5790.01,6202.36
2018-06-30,6202.36,6520.15,6185.0,6383.19
2018-07-01,6383.19,6424.14,6256.76,6349.5
2018-07-02,6349.5,6669.99,6270.01,6611.79
2018-07-03,6611.79,6673.99,6465.0,6502.62
2018-07-04,6502.62,6796.62,6411.51,6587.47
2018-07-05,6587.46,6700.0,6449.5,6532.95
2018-07-06,6532.96,6639.0,6452.2,6600.0
2018-07-07,6599.99,6843.26,6512.0,6753.28
2018-07-08,6753.29,6778.31,6671.0,6701.97
2018-07-09,6701.97,6815.82,6625.0,6664.01
2018-07-10,6664.01,6679.47,6279.0,6303.7
2018-07-11,6303.69,6400.0,6281.01,6390.04
2018-07-12,6390.04,6390.04,6075.01,6249.75
2018-07-13,6246.68,6335.09,6121.53,6216.29
2018-07-14,6216.29,6323.68,6187.0,6248.65
2018-07-15,6248.65,6385.35,6233.26,6348.73
2018-07-16,6348.73,6750.0,6330.3,6728.81
2018-07-17,6728.8,7472.5,6663.51,7315.01
2018-07-18,7315.0,7584.85,7229.89,7378.99
2018-07-19,7378.99,7581.0,7281.42,7470.01
2018-07-20,7470.01,7687.0,7259.76,7334.46
2018-07-21,7334.46,7444.77,7204.32,7408.0
2018-07-22,7408.0,7569.69,7327.75,7397.8
2018-07-23,7400.0,7809.0,7378.26,7720.09
2018-07-24,7720.08,8488.0,7695.99,8385.5
2018-07-25,8390.04,8482.84,8042.0,8157.15
2018-07-26,8157.15,8290.0,7840.0,7931.99
2018-07-27,7932.0,8276.55,7787.29,8184.21
2018-07-28,8182.64,8230.0,8065.0,8228.9
2018-07-29,8227.38,8289.96,8127.87,8216.34
2018-07-30,8216.33,8274.92,7850.0,8170.01
2018-07-31,8170.0,8173.57,7629.48,7727.27
2018-08-01,7727.28,7750.0,7437.0,7603.99
2018-08-02,7603.99,7707.54,7462.0,7533.92
2018-08-03,7533.92,7538.53,7285.0,7414.08
2018-08-04,7414.08,7495.0,6940.0,7005.0
2018-08-05,7005.0,7086.52,6880.0,7030.01
2018-08-06,7030.0,7163.0,6840.0,6938.0
2018-08-07,6938.0,7152.0,6647.07,6718.22
2018-08-08,6718.22,6718.22,6121.04,6282.5
2018-08-09,6282.5,6633.21,6177.51,6546.45
2018-08-10,6546.46,6584.8,6015.0,6146.01
2018-08-11,6146.01,6485.76,6003.0,6235.56
2018-08-12,6236.0,6482.0,6169.46,6316.01
2018-08-13,6316.0,6544.99,6139.57,6253.67
2018-08-14,6253.67,6258.32,5900.0,6195.01
2018-08-15,6195.0,6636.0,6189.0,6269.01
2018-08-16,6269.01,6475.01,6200.0,6315.9
2018-08-17,6315.9,6585.5,6290.39,6585.49
2018-08-18,6585.5,6613.23,6312.0,6396.64
2018-08-19,6396.63,6547.34,6328.45,6489.53
2018-08-20,6489.53,6525.0,6227.71,6258.74
2018-08-21,6258.74,6490.0,6249.12,6475.89
2018-08-22,6475.89,6890.65,6250.0,6359.99
2018-08-23,6359.99,6568.37,6348.69,6526.36
2018-08-24,6526.36,6725.0,6451.55,6690.88
2018-08-25,6690.88,6790.0,6668.0,6737.52
2018-08-26,6737.52,6773.0,6572.0,6709.98
2018-08-27,6709.98,6947.6,6654.13,6911.9
2018-08-28,6911.9,7128.0,6864.96,7071.01
2018-08-29,7071.01,7119.0,6907.42,7030.9
2018-08-30,7030.92,7048.66,6790.0,6983.0
2018-08-31,6983.0,7090.46,6884.49,7015.01
2018-09-01,7015.01,7275.0,7010.98,7191.08
2018-09-02,7191.07,7328.99,7130.0,7295.0
2018-09-03,7294.99,7339.52,7192.99,7256.98
2018-09-04,7256.48,7402.5,7229.94,7360.0
2018-09-05,7359.99,7384.0,6664.07,6687.96
2018-09-06,6687.96,6703.73,6272.73,6495.0
2018-09-07,6495.0,6530.0,6325.0,6395.01
2018-09-08,6395.01,6460.0,6116.0,6188.0
2018-09-09,6188.0,6450.0,6147.0,6235.01
2018-09-10,6235.02,6375.13,6221.49,6300.0
2018-09-11,6300.0,6405.0,6176.76,6282.53
2018-09-12,6282.53,6340.94,6191.1,6326.0
2018-09-13,6326.0,6530.0,6323.64,6485.99
2018-09-14,6485.99,6580.0,6378.05,6478.04
2018-09-15,6478.05,6565.0,6470.0,6518.68
2018-09-16,6518.68,6521.75,6323.68,6498.0
2018-09-17,6498.0,6529.75,6207.55,6250.7
2018-09-18,6250.71,6384.04,6228.0,6335.7
2018-09-19,6335.69,6511.0,6106.37,6386.94
2018-09-20,6386.95,6530.0,6337.0,6493.11
2018-09-21,6493.11,6777.1,6492.5,6750.0
2018-09-22,6750.0,6823.0,6628.01,6707.33
2018-09-23,6707.34,6777.0,6660.05,6696.99
2018-09-24,6696.99,6716.16,6555.99,6582.09
2018-09-25,6582.09,6582.1,6320.5,6436.89
2018-09-26,6435.0,6537.26,6380.62,6455.66
2018-09-27,6455.65,6734.79,6430.0,6680.01
2018-09-28,6680.01,6786.73,6528.13,6620.01
2018-09-29,6620.01,6620.01,6452.02,6581.0
2018-09-30,6581.0,6642.28,6523.0,6605.0
2018-10-01,6605.0,6639.33,6474.9,6572.83
2018-10-02,6572.83,6591.37,6452.0,6498.46
2018-10-03,6498.47,6507.95,6398.96,6466.03
2018-10-04,6466.03,6603.01,6454.38,6547.45
2018-10-05,6547.45,6641.0,6510.58,6593.94
2018-10-06,6593.94,6594.39,6536.0,6552.43
2018-10-07,6552.42,6585.01,6491.81,6570.0
2018-10-08,6569.99,6681.19,6545.63,6608.07
2018-10-09,6607.53,6612.86,6552.5,6589.48
2018-10-10,6589.48,6591.32,6445.48,6524.56
2018-10-11,6524.56,6524.56,6033.34,6154.69
2018-10-12,6154.68,6235.2,6111.97,6188.01
2018-10-13,6188.01,6212.0,6178.0,6196.0
2018-10-14,6196.01,6288.45,6151.0,6183.49
2018-10-15,6183.52,6810.0,6151.58,6440.42
2018-10-16,6440.43,6493.11,6375.0,6457.11
2018-10-17,6457.1,6459.99,6411.19,6443.7
2018-10-18,6443.69,6489.83,6355.0,6394.96
2018-10-19,6394.96,6409.61,6353.86,6382.99
2018-10-20,6382.99,6420.0,6369.0,6414.0
2018-10-21,6413.99,6452.87,6405.57,6415.88
2018-10-22,6415.87,6427.63,6377.77,6407.65
2018-10-23,6407.64,6411.5,6360.0,6395.14
2018-10-24,6395.13,6471.0,6395.13,6415.98
2018-10-25,6415.97,6422.0,6377.5,6395.58
2018-10-26,6395.58,6450.0,6383.54,6404.87
2018-10-27,6404.87,6421.76,6390.0,6409.12
2018-10-28,6409.11,6415.0,6380.01,6403.62
2018-10-29,6403.63,6414.99,6211.0,6266.0
2018-10-30,6266.0,6289.0,6240.54,6267.63
2018-10-31,6267.63,6353.24,6201.67,6304.18
2018-11-01,6304.18,6360.0,6293.44,6344.0
2018-11-02,6344.0,6378.77,6333.94,6349.8
2018-11-03,6349.8,6351.7,6315.91,6331.96
2018-11-04,6331.96,6464.15,6313.17,6423.28
2018-11-05,6423.29,6439.99,6372.0,6404.0
2018-11-06,6404.0,6449.65,6387.82,6448.5
2018-11-07,6448.5,6540.0,6448.5,6503.12
2018-11-08,6503.12,6511.88,6388.0,6406.24
2018-11-09,6406.24,6415.0,6305.0,6334.89
2018-11-10,6334.89,6374.0,6327.46,6347.42
2018-11-11,6347.42,6360.0,6271.15,6357.6
2018-11-12,6357.6,6383.59,6305.95,6327.87
2018-11-13,6327.87,6328.22,6252.5,6259.34
2018-11-14,6259.35,6293.38,5280.93,5605.46
2018-11-15,5605.01,5645.0,5188.0,5579.52
2018-11-16,5579.5,5609.91,5410.0,5512.24
2018-11-17,5512.26,5544.0,5450.83,5504.17
2018-11-18,5503.34,5665.0,5503.34,5560.0
2018-11-19,5560.0,5560.0,4670.05,4733.5
2018-11-20,4736.67,4889.0,4035.0,4349.23
2018-11-21,4349.24,4627.55,4239.01,4545.11
2018-11-22,4545.12,4589.0,4238.69,4265.36
2018-11-23,4268.18,4366.05,4085.73,4283.8
2018-11-24,4283.8,4370.78,3650.84,3774.99
2018-11-25,3775.0,4120.0,3456.78,3936.69
2018-11-26,3936.7,4076.25,3508.0,3731.32
2018-11-27,3731.01,3830.0,3562.9,3775.0
2018-11-28,3775.01,4365.0,3775.0,4225.03
2018-11-29,4224.86,4414.89,4077.88,4248.0
2018-11-30,4247.99,4297.71,3869.0,3976.0
2018-12-01,3976.01,4277.0,3910.08,4142.01
2018-12-02,4142.01,4266.0,4036.0,4103.19
2018-12-03,4102.8,4119.98,3741.95,3833.47
2018-12-04,3833.47,4035.1,3732.43,3901.84
2018-12-05,3901.84,3912.53,3660.0,3694.39
2018-12-06,3694.39,3849.0,3400.0,3433.26
2018-12-07,3433.3,3550.0,3212.0,3380.01
2018-12-08,3380.0,3495.0,3253.66,3401.0
2018-12-09,3401.0,3642.51,3367.79,3531.18
2018-12-10,3531.18,3590.71,3354.97,3410.15
2018-12-11,3410.15,3424.92,3293.49,3349.36
2018-12-12,3350.27,3486.16,3325.58,3430.24
2018-12-13,3430.24,3439.63,3227.96,3265.0
2018-12-14,3265.0,3294.9,3135.0,3195.71
2018-12-15,3195.71,3228.69,3128.89,3183.0
2018-12-16,3183.01,3258.0,3181.24,3195.0
2018-12-17,3194.99,3585.95,3184.28,3496.82
2018-12-18,3497.1,3688.0,3436.5,3667.77
2018-12-19,3667.76,3928.15,3637.17,3682.51
2018-12-20,3682.51,4175.0,3661.5,4075.34
2018-12-21,4075.33,4162.27,3775.0,3839.06
2018-12-22,3839.26,4005.0,3790.16,3980.46
2018-12-23,3981.24,4050.0,3903.6,3944.93
2018-12-24,3944.92,4239.37,3944.92,4034.0
2018-12-25,4034.0,4045.41,3675.86,3780.0
2018-12-26,3780.0,3849.2,3685.02,3809.88
2018-12-27,3809.88,3841.21,3567.0,3589.89
2018-12-28,3589.89,3971.58,3576.12,3888.06
2018-12-29,3887.58,3944.33,3706.0,3729.31
2018-12-30,3729.31,3863.06,3691.01,3829.0
2018-12-31,3829.0,3835.4,3625.0,3691.86
2019-01-01,3691.87,3841.17,3651.02,3826.1
2019-01-02,3826.1,3916.57,3770.07,3890.79
2019-01-03,3890.8,3893.8,3758.07,3787.57
2019-01-04,3787.57,3849.0,3730.0,3820.82
2019-01-05,3820.82,3874.12,3775.0,3798.62
2019-01-06,3799.99,4088.0,3756.01,4040.99
2019-01-07,4040.98,4070.0,3968.79,4006.01
2019-01-08,4005.97,4114.8,3943.36,3993.86
2019-01-09,3993.85,4042.2,3962.12,4004.12
2019-01-10,4004.13,4035.21,3560.0,3626.12
2019-01-11,3626.12,3699.99,3576.0,3635.69
2019-01-12,3634.73,3649.18,3557.29,3619.41
2019-01-13,3619.38,3641.86,3481.54,3514.24
2019-01-14,3514.24,3711.11,3509.24,3664.19
2019-01-15,3664.18,3684.38,3538.63,3580.76
2019-01-16,3580.19,3666.73,3572.52,3609.71
2019-01-17,3609.71,3657.0,3541.0,3640.65
2019-01-18,3640.64,3643.69,3580.16,3607.85
2019-01-19,3607.85,3765.9,3604.9,3682.65
2019-01-20,3683.5,3703.39,3481.01,3536.19
2019-01-21,3537.56,3568.95,3487.37,3531.76
2019-01-22,3531.75,3611.5,3425.0,3577.03
2019-01-23,3577.04,3614.47,3523.64,3553.01
2019-01-24,3553.01,3595.83,3530.1,3568.97
2019-01-25,3568.97,3578.79,3510.01,3562.17
2019-01-26,3562.17,3657.76,3540.0,3556.07
2019-01-27,3556.07,3562.9,3470.14,3531.02
2019-01-28,3531.02,3535.92,3374.01,3429.95
2019-01-29,3429.95,3438.4,3337.87,3397.42
2019-01-30,3395.74,3459.41,3372.97,3437.55
2019-01-31,3437.55,3473.4,3396.74,3411.5
2019-02-01,3411.5,3458.26,3369.62,3437.5
2019-02-02,3437.5,3483.25,3414.49,3468.43
2019-02-03,3468.43,3471.76,3386.45,3414.78
2019-02-04,3415.69,3435.0,3395.1,3409.57
2019-02-05,3409.57,3429.46,3400.0,3428.4
2019-02-06,3428.41,3441.0,3340.8,3367.36
2019-02-07,3366.01,3383.14,3352.01,3359.0
2019-02-08,3358.99,3711.0,3344.0,3621.99
2019-02-09,3622.0,3644.08,3597.0,3623.73
2019-02-10,3623.73,3654.28,3578.59,3648.84
2019-02-11,3648.85,3652.0,3579.38,3590.36
2019-02-12,3590.36,3618.77,3550.0,3588.06
2019-02-13,3588.06,3627.99,3562.98,3576.68
2019-02-14,3576.69,3589.0,3535.1,3561.5
2019-02-15,3561.49,3620.22,3545.89,3566.59
2019-02-16,3566.59,3607.36,3565.5,3582.37
2019-02-17,3582.37,3675.0,3557.43,3625.08
2019-02-18,3625.08,3917.0,3616.18,3867.0
2019-02-19,3867.0,3969.54,3841.54,3888.01
2019-02-20,3888.37,3967.19,3867.13,3938.99
2019-02-21,3939.0,3988.0,3869.45,3897.71
2019-02-22,3897.71,3956.43,3886.15,3942.02
2019-02-23,3942.02,4156.1,3911.3,4110.0
2019-02-24,4110.0,4188.79,3712.84,3734.22
2019-02-25,3734.23,3860.0,3731.09,3818.79
2019-02-26,3818.78,3826.37,3763.71,3799.48
2019-02-27,3799.49,3823.13,3655.0,3799.91
2019-02-28,3800.35,3910.0,3754.37,3792.14
2019-03-01,3792.14,3843.0,3791.31,3806.17
2019-03-02,3806.17,3818.08,3763.0,3809.7
2019-03-03,3809.7,3815.48,3763.62,3786.93
2019-03-04,3786.93,3804.99,3672.39,3700.72
2019-03-05,3700.02,3876.65,3692.36,3844.59
2019-03-06,3844.59,3894.7,3812.0,3851.89
2019-03-07,3851.89,3891.0,3830.79,3857.05
2019-03-08,3857.04,3910.88,3771.0,3843.12
2019-03-09,3842.62,3947.33,3834.59,3917.0
2019-03-10,3917.0,3917.0,3867.84,3900.92
2019-03-11,3900.93,3911.83,3817.01,3849.68
2019-03-12,3849.67,3875.33,3796.71,3860.0
2019-03-13,3860.0,3871.02,3827.5,3851.02
2019-03-14,3851.02,3900.0,3779.28,3853.95
2019-03-15,3853.95,3910.0,3846.79,3902.8
2019-03-16,3902.8,4037.47,3900.89,3990.0
2019-03-17,3990.0,3991.0,3936.3,3967.01
2019-03-18,3967.01,4015.7,3937.69,3970.5
2019-03-19,3969.68,4009.61,3952.08,4000.85
2019-03-20,4000.85,4044.82,3965.43,4031.85
2019-03-21,4032.68,4056.33,3915.14,3972.76
2019-03-22,3972.76,3998.01,3961.7,3983.78
2019-03-23,3983.77,3997.01,3960.25,3983.43
2019-03-24,3982.45,3982.45,3946.0,3969.52
2019-03-25,3969.52,3976.47,3858.0,3907.53
2019-03-26,3907.54,3923.9,3880.64,3921.45
2019-03-27,3922.41,4035.8,3914.9,4026.53
2019-03-28,4026.54,4026.54,3994.0,4011.17
2019-03-29,4011.98,4101.5,4007.78,4091.01
2019-03-30,4091.01,4131.87,4042.51,4094.14
2019-03-31,4094.14,4103.0,4077.01,4094.99
2019-04-01,4095.0,4149.5,4051.53,4137.0
2019-04-02,4137.01,5121.0,4132.02,4901.93
2019-04-03,4901.92,5345.0,4787.11,4975.97
2019-04-04,4975.13,5071.34,4778.0,4906.49
2019-04-05,4907.92,5066.59,4887.34,5040.66
2019-04-06,5040.95,5244.04,4925.0,5049.22
2019-04-07,5049.18,5270.33,5029.7,5194.79
2019-04-08,5194.76,5352.5,5132.28,5285.54
2019-04-09,5286.82,5287.0,5145.0,5187.21
2019-04-10,5187.21,5488.0,5164.49,5318.58
2019-04-11,5322.02,5342.74,4967.24,5041.3
2019-04-12,5040.11,5118.56,4901.99,5078.19
2019-04-13,5078.19,5123.28,5036.74,5066.22
2019-04-14,5065.02,5191.19,5013.81,5164.27
2019-04-15,5163.81,5193.01,4945.54,5029.99
2019-04-16,5029.99,5229.97,5016.45,5202.9
2019-04-17,5201.21,5272.32,5173.11,5227.0
2019-04-18,5227.0,5318.18,5222.26,5281.81
2019-04-19,5280.5,5359.47,5196.7,5290.36
2019-04-20,5290.37,5359.98,5260.24,5319.89
2019-04-21,5319.9,5349.16,5213.34,5297.64
2019-04-22,5297.64,5440.84,5250.45,5387.6
2019-04-23,5387.6,5650.01,5361.01,5532.75
2019-04-24,5532.75,5624.47,5374.0,5441.9
2019-04-25,5440.59,5512.12,4963.0,5134.81
2019-04-26,5134.82,5295.03,5041.14,5159.51
2019-04-27,5159.5,5221.24,5117.46,5170.6
2019-04-28,5171.9,5214.5,5101.0,5155.0
2019-04-29,5155.0,5189.54,5072.01,5148.25
2019-04-30,5148.25,5285.0,5126.25,5270.69
2019-05-01,5270.68,5358.39,5265.61,5321.15
2019-05-02,5321.15,5422.99,5306.09,5390.01
2019-05-03,5390.0,5796.93,5363.0,5657.4
2019-05-04,5657.41,5846.88,5512.0,5770.01
2019-05-05,5770.01,5782.22,5627.35,5715.86
2019-05-06,5715.86,5753.66,5564.93,5687.9
2019-05-07,5687.9,5974.51,5687.9,5748.45
2019-05-08,5748.47,5990.0,5656.26,5948.41
2019-05-09,5947.0,6171.1,5934.49,6153.09
2019-05-10,6153.09,6430.0,6108.81,6343.14
2019-05-11,6342.99,7464.13,6342.98,7219.95
2019-05-12,7215.02,7581.82,6755.0,6979.76
2019-05-13,6979.24,8195.0,6864.93,7824.93
2019-05-14,7822.88,8350.0,7621.27,7990.92
2019-05-15,7990.92,8308.16,7831.77,8203.32
2019-05-16,8203.33,8388.0,7660.74,7878.96
2019-05-17,7881.39,7940.75,6600.0,7363.69
2019-05-18,7363.85,7491.22,7204.42,7262.4
2019-05-19,7262.39,8315.0,7252.58,8200.0
2019-05-20,8194.34,8199.53,7570.31,7999.54
2019-05-21,7998.94,8112.99,7805.34,7951.7
2019-05-22,7951.69,8044.32,7506.12,7626.48
2019-05-23,7622.25,7984.9,7467.1,7881.98
2019-05-24,7878.16,8175.0,7794.73,8001.7
2019-05-25,8001.69,8149.0,7941.25,8063.81
2019-05-26,8063.68,8793.97,7881.7,8731.72
2019-05-27,8732.34,8947.88,8611.44,8772.29
2019-05-28,8772.29,8822.46,8545.0,8715.36
2019-05-29,8715.36,8760.43,8426.09,8662.44
2019-05-30,8662.44,9090.0,7972.0,8279.69
2019-05-31,8279.69,8580.0,8110.0,8554.06
2019-06-01,8554.06,8618.0,8452.21,8558.95
2019-06-02,8558.8,8834.0,8550.0,8736.55
2019-06-03,8736.55,8742.48,8030.46,8107.96
2019-06-04,8104.95,8104.95,7427.0,7670.96
2019-06-05,7671.07,7932.87,7570.0,7789.48
2019-06-06,7787.36,7874.68,7450.0,7805.0
2019-06-07,7805.0,8134.29,7756.79,7998.13
2019-06-08,7998.13,8059.99,7786.01,7930.14
2019-06-09,7930.14,7960.0,7508.77,7634.58
2019-06-10,7635.05,8097.35,7516.9,8015.69
2019-06-11,8015.7,8057.19,7702.83,7918.17
2019-06-12,7913.64,8292.43,7817.0,8176.02
2019-06-13,8176.03,8329.99,8048.75,8239.04
2019-06-14,8239.04,8738.92,8180.08,8697.46
2019-06-15,8697.45,8916.63,8588.7,8860.23
2019-06-16,8856.13,9388.0,8799.7,8975.0
2019-06-17,8975.78,9475.0,8975.78,9333.14
2019-06-18,9333.08,9359.48,8919.72,9078.48
2019-06-19,9078.48,9319.5,9035.75,9277.54
2019-06-20,9277.55,9599.0,9210.3,9531.21
2019-06-21,9531.21,10245.0,9531.21,10236.2
2019-06-22,10235.59,11215.89,10080.0,10666.86
2019-06-23,10666.87,11284.44,10490.0,10833.02
2019-06-24,10833.0,11091.97,10550.21,11032.32
2019-06-25,11030.8,11788.88,10997.0,11755.53
2019-06-26,11754.25,13868.44,11350.0,12927.44
2019-06-27,12927.44,13358.68,10300.0,11159.29
2019-06-28,11159.29,12444.77,10737.87,12360.45
2019-06-29,12360.42,12379.99,11318.94,11865.29
2019-06-30,11869.84,12200.0,10650.06,10761.26
2019-07-01,10761.26,11210.52,9953.0,10577.63
2019-07-02,10578.23,10925.0,9651.0,10829.18
2019-07-03,10829.19,12014.6,10829.19,11976.42
2019-07-04,11976.01,12064.26,11035.01,11136.0
2019-07-05,11137.87,11449.51,10761.8,11004.51
2019-07-06,10994.99,11723.6,10980.09,11237.77
2019-07-07,11237.77,11620.0,11084.31,11474.42
2019-07-08,11474.44,12395.0,11328.01,12293.53
2019-07-09,12293.39,12829.96,12105.32,12571.11
2019-07-10,12572.12,13202.63,11553.21,12097.96
2019-07-11,12097.48,12097.93,10933.0,11349.0
2019-07-12,11348.56,11950.0,11079.59,11802.0
2019-07-13,11797.53,11845.0,10814.4,11370.08
2019-07-14,11370.06,11467.27,10084.4,10185.03
2019-07-15,10190.91,11080.01,9857.27,10854.47
2019-07-16,10856.41,11040.0,9350.0,9422.72
2019-07-17,9429.8,9998.0,9071.0,9696.31
2019-07-18,9696.39,10799.0,9291.0,10649.07
2019-07-19,10652.76,10777.21,10111.0,10538.06
2019-07-20,10536.92,11112.31,10360.65,10761.03
2019-07-21,10761.03,10835.0,10320.0,10590.7
2019-07-22,10590.71,10688.14,10060.0,10323.39
2019-07-23,10324.13,10324.28,9800.23,9840.12
2019-07-24,9848.9,9919.08,9507.38,9772.6
2019-07-25,9772.59,10184.99,9734.58,9883.33
2019-07-26,9880.86,9898.03,9657.21,9843.0
2019-07-27,9843.0,10248.41,9292.0,9479.98
2019-07-28,9469.37,9669.11,9108.88,9533.0
2019-07-29,9533.0,9729.87,9356.75,9495.01
2019-07-30,9499.21,9839.83,9371.96,9589.01
2019-07-31,9589.01,10135.12,9570.01,10087.3
2019-08-01,10089.97,10497.0,9881.0,10405.94
2019-08-02,10404.41,10670.0,10321.42,10533.01
2019-08-03,10533.62,10922.08,10500.0,10820.76
2019-08-04,10822.09,11089.74,10572.0,10977.51
2019-08-05,10977.98,11950.0,10977.98,11819.49
2019-08-06,11811.75,12320.4,11187.0,11465.49
2019-08-07,11465.49,12147.0,11366.26,11975.03
2019-08-08,11983.41,12050.0,11451.0,11981.0
2019-08-09,11982.39,12040.0,11651.89,11856.1
2019-08-10,11860.62,11969.99,11170.0,11280.95
2019-08-11,11280.95,11585.0,11088.88,11540.76
2019-08-12,11540.76,11555.55,11222.4,11389.28
2019-08-13,11389.25,11438.39,10746.0,10854.92
2019-08-14,10854.92,10859.97,9888.88,10025.86
2019-08-15,10021.13,10445.0,9470.0,10300.01
2019-08-16,10300.01,10539.9,9739.99,10352.78
2019-08-17,10352.78,10475.82,9978.0,10217.79
2019-08-18,10217.99,10513.45,10066.66,10315.48
2019-08-19,10315.48,10938.76,10265.0,10920.0
2019-08-20,10917.94,10953.0,10555.7,10769.09
2019-08-21,10768.49,10800.0,9841.59,10130.0
2019-08-22,10133.34,10237.53,9759.0,10107.15
2019-08-23,10105.61,10478.0,10035.84,10410.85
2019-08-24,10413.45,10429.0,9886.26,10147.96
2019-08-25,10148.0,10374.85,9899.95,10138.72
2019-08-26,10142.0,10680.0,10140.9,10361.65
2019-08-27,10361.65,10379.87,10019.56,10171.85
2019-08-28,10171.95,10277.0,9522.93,9714.31
2019-08-29,9714.01,9717.03,9321.73,9495.0
2019-08-30,9494.8,9699.0,9337.97,9582.42
2019-08-31,9582.42,9707.48,9436.2,9600.86
2019-09-01,9600.86,9840.0,9539.58,9766.52
2019-09-02,9766.62,10486.77,9756.54,10381.26
2019-09-03,10381.26,10790.0,10280.0,10628.48
2019-09-04,10628.48,10833.14,10380.0,10581.84
2019-09-05,10581.84,10666.43,10452.15,10574.73
2019-09-06,10574.28,10939.34,10182.0,10308.92
2019-09-07,10308.9,10580.0,10304.52,10484.37
2019-09-08,10484.37,10595.0,10231.13,10398.97
2019-09-09,10401.13,10541.75,10059.99,10310.0
2019-09-10,10310.01,10389.26,9916.0,10093.01
2019-09-11,10093.0,10297.12,9851.97,10160.2
2019-09-12,10158.81,10460.0,10040.0,10423.72
2019-09-13,10423.85,10452.5,10157.0,10365.93
2019-09-14,10365.94,10439.0,10223.36,10360.25
2019-09-15,10360.01,10380.0,10263.39,10304.46
2019-09-16,10303.66,10379.98,10068.42,10262.54
2019-09-17,10262.54,10276.18,10135.44,10185.39
2019-09-18,10185.42,10258.0,10074.08,10155.26
2019-09-19,10156.22,10379.15,9585.86,10275.01
2019-09-20,10275.01,10309.84,10056.3,10168.85
2019-09-21,10168.85,10170.15,9917.34,9973.99
2019-09-22,9973.99,10097.0,9848.37,10026.8
2019-09-23,10026.79,10051.15,9609.37,9693.74
2019-09-24,9693.74,9777.16,8159.35,8530.01
2019-09-25,8530.01,8743.86,8222.01,8438.35
2019-09-26,8438.35,8464.08,7712.45,8060.0
2019-09-27,8060.0,8290.0,7861.02,8193.99
2019-09-28,8193.99,8343.0,8015.25,8217.47
2019-09-29,8217.47,8246.87,7902.96,8052.4
2019-09-30,8054.09,8393.23,7701.0,8304.96
2019-10-01,8304.95,8535.0,8200.0,8321.52
2019-10-02,8321.87,8391.0,8168.85,8381.72
2019-10-03,8381.72,8419.95,8059.22,8240.41
2019-10-04,8241.27,8241.35,8002.21,8156.67
2019-10-05,8156.68,8200.0,8020.2,8147.63
2019-10-06,8147.63,8176.18,7780.85,7859.79
2019-10-07,7859.79,8310.57,7762.35,8209.0
2019-10-08,8208.99,8342.97,8107.26,8180.0
2019-10-09,8180.0,8712.45,8121.0,8590.0
2019-10-10,8590.01,8660.0,8452.5,8587.5
2019-10-11,8587.49,8826.0,8226.0,8267.33
2019-10-12,8263.02,8425.0,8261.46,8309.03
2019-10-13,8309.03,8469.02,8146.47,8282.97
2019-10-14,8282.96,8409.0,8215.66,8355.0
2019-10-15,8355.0,8420.0,8085.65,8162.44
2019-10-16,8162.44,8171.59,7908.86,7993.54
2019-10-17,7995.81,8124.42,7937.01,8076.2
2019-10-18,8076.94,8117.77,7814.08,7954.16
2019-10-19,7954.15,8099.98,7873.46,7965.28
2019-10-20,7965.27,8309.0,7875.01,8236.12
2019-10-21,8235.94,8349.84,8156.0,8209.92
2019-10-22,8209.92,8317.14,7998.9,8024.72
2019-10-23,8024.0,8049.0,7296.44,7474.85
2019-10-24,7475.54,7509.99,7359.48,7430.87
2019-10-25,7430.87,8800.1,7389.91,8668.0
2019-10-26,8668.0,10540.49,8645.01,9259.78
2019-10-27,9259.98,9826.72,9102.33,9548.84
2019-10-28,9555.89,9939.69,9180.59,9226.5
2019-10-29,9225.06,9575.0,9068.19,9430.8
2019-10-30,9431.36,9431.36,8991.33,9164.44
2019-10-31,9164.45,9433.0,8950.0,9159.48
2019-11-01,9159.96,9299.99,9057.27,9253.12
2019-11-02,9253.09,9393.0,9210.0,9308.52
2019-11-03,9308.52,9380.0,9068.3,9206.52
2019-11-04,9206.52,9600.0,9127.0,9412.53
2019-11-05,9412.63,9474.89,9169.84,9322.09
2019-11-06,9322.09,9450.0,9253.66,9341.27
2019-11-07,9341.27,9375.16,9075.0,9198.84
2019-11-08,9198.85,9246.0,8660.0,8763.01
2019-11-09,8763.01,8873.48,8712.52,8807.89
2019-11-10,8807.89,9150.0,8731.43,9032.23
2019-11-11,9032.23,9067.34,8590.0,8721.54
2019-11-12,8721.53,8870.0,8556.56,8810.0
2019-11-13,8811.0,8838.8,8705.0,8758.34
2019-11-14,8758.34,8784.61,8558.01,8630.0
2019-11-15,8630.01,8773.22,8361.0,8457.48
2019-11-16,8457.48,8531.03,8423.0,8481.0
2019-11-17,8481.0,8637.01,8371.02,8500.01
2019-11-18,8501.0,8501.01,8015.0,8168.84
2019-11-19,8168.84,8197.82,7980.07,8123.36
2019-11-20,8123.36,8222.41,8030.05,8082.96
2019-11-21,8082.97,8114.97,7374.5,7616.46
2019-11-22,7616.48,7720.0,6775.47,7283.03
2019-11-23,7283.19,7361.41,7102.21,7329.29
2019-11-24,7329.29,7344.0,6865.0,6908.64
2019-11-25,6908.64,7379.99,6526.0,7127.01
2019-11-26,7127.01,7340.59,7021.84,7162.67
2019-11-27,7162.67,7678.76,6850.0,7523.72
2019-11-28,7524.73,7660.82,7370.62,7432.41
2019-11-29,7432.41,7870.1,7411.0,7760.0
2019-11-30,7759.99,7820.0,7453.0,7555.92
2019-12-01,7555.92,7555.92,7237.16,7404.27
2019-12-02,7405.33,7430.0,7157.33,7305.01
2019-12-03,7305.01,7412.85,7237.26,7302.94
2019-12-04,7302.94,7775.0,7080.0,7198.99
2019-12-05,7199.0,7489.87,7152.78,7393.54
2019-12-06,7393.55,7609.5,7305.75,7540.08
2019-12-07,7541.76,7643.0,7487.0,7502.19
2019-12-08,7502.2,7580.84,7387.5,7520.0
2019-12-09,7520.0,7659.38,7262.87,7337.51
2019-12-10,7337.51,7398.0,7156.03,7219.37
2019-12-11,7219.37,7263.31,7124.45,7201.23
2019-12-12,7201.24,7298.5,7075.01,7185.91
2019-12-13,7185.91,7299.21,7183.29,7249.9
2019-12-14,7249.9,7264.33,7008.03,7062.91
2019-12-15,7062.92,7220.01,7006.01,7111.0
2019-12-16,7111.0,7137.0,6803.24,6877.03
2019-12-17,6877.04,6933.21,6556.0,6616.62
2019-12-18,6616.62,7448.24,6430.0,7285.53
2019-12-19,7288.05,7371.7,7044.45,7149.12
2019-12-20,7149.13,7220.0,7073.66,7190.0
2019-12-21,7190.0,7190.0,7099.57,7143.01
2019-12-22,7143.01,7521.55,7125.0,7513.06
2019-12-23,7514.74,7688.99,7259.19,7310.79
2019-12-24,7310.79,7426.15,7151.08,7255.01
2019-12-25,7255.01,7265.12,7115.5,7192.12
2019-12-26,7192.12,7432.1,7140.0,7194.13
2019-12-27,7194.13,7254.0,7053.32,7245.83
2019-12-28,7245.83,7346.0,7232.55,7302.67
2019-12-29,7302.67,7531.0,7278.07,7384.89
2019-12-30,7384.57,7386.28,7200.0,7218.0
2019-12-31,7218.01,7298.67,7111.0,7165.72
2020-01-01,7165.72,7238.14,7136.05,7174.33
2020-01-02,7174.33,7186.18,6903.0,6945.02
2020-01-03,6945.02,7401.2,6854.67,7334.45
2020-01-04,7334.45,7398.0,7263.32,7348.63
2020-01-05,7348.63,7488.87,7312.22,7355.4
2020-01-06,7355.4,7805.0,7343.17,7764.63
2020-01-07,7764.63,8216.0,7723.0,8158.52
2020-01-08,8160.01,8469.39,7845.0,8045.51
2020-01-09,8047.75,8048.67,7744.48,7813.78
2020-01-10,7813.78,8199.77,7671.0,8198.09
2020-01-11,8198.09,8290.0,8000.01,8020.0
2020-01-12,8017.47,8185.0,7963.25,8180.81
2020-01-13,8180.81,8195.81,8041.95,8104.5
2020-01-14,8105.6,8893.69,8105.23,8815.69
2020-01-15,8812.58,8900.0,8550.0,8808.81
2020-01-16,8808.81,8850.0,8580.0,8714.76
2020-01-17,8714.77,9013.0,8665.67,8899.42
2020-01-18,8899.42,8980.0,8800.1,8909.32
2020-01-19,8908.95,9194.99,8465.0,8697.53
2020-01-20,8697.53,8734.84,8504.06,8628.89
2020-01-21,8628.89,8774.31,8465.0,8722.03
2020-01-22,8722.03,8791.76,8565.0,8660.38
2020-01-23,8660.38,8665.0,8278.0,8385.22
2020-01-24,8385.21,8509.99,8216.71,8427.26
2020-01-25,8427.58,8437.76,8252.73,8326.81
2020-01-26,8326.8,8595.0,8278.68,8595.0
2020-01-27,8595.0,8985.0,8556.6,8895.96
2020-01-28,8895.95,9418.91,8880.87,9394.5
2020-01-29,9391.14,9439.83,9224.75,9288.44
2020-01-30,9287.9,9574.68,9171.11,9503.08
2020-01-31,9502.71,9522.5,9195.49,9334.98
2020-02-01,9334.98,9458.08,9285.01,9380.18
2020-02-02,9380.18,9480.0,9140.0,9323.5
2020-02-03,9325.01,9619.95,9220.0,9280.49
2020-02-04,9280.49,9350.0,9078.05,9164.33
2020-02-05,9164.33,9769.7,9150.0,9613.82
2020-02-06,9613.91,9857.0,9521.47,9763.01
2020-02-07,9763.01,9885.0,9713.99,9808.05
2020-02-08,9807.92,9955.0,9653.47,9905.64
2020-02-09,9905.64,10178.91,9888.76,10168.35
2020-02-10,10168.36,10199.0,9736.0,9851.78
2020-02-11,9851.78,10400.0,9706.0,10270.01
2020-02-12,10270.01,10483.86,10250.0,10351.13
2020-02-13,10351.13,10522.51,10083.1,10236.49
2020-02-14,10236.49,10395.66,10102.5,10371.33
2020-02-15,10371.33,10400.0,9750.0,9911.22
2020-02-16,9911.22,10048.34,9612.12,9921.0
2020-02-17,9920.52,9969.38,9467.0,9700.0
2020-02-18,9700.0,10298.25,9610.27,10188.04
2020-02-19,10188.04,10315.0,9280.98,9600.08
2020-02-20,9593.48,9698.1,9393.39,9610.05
2020-02-21,9610.05,9769.66,9566.98,9695.66
2020-02-22,9695.66,9722.97,9575.01,9668.23
2020-02-23,9668.23,10025.66,9667.13,9965.01
2020-02-24,9965.0,10030.0,9474.74,9660.0
2020-02-25,9660.0,9681.56,9230.0,9305.0
2020-02-26,9304.99,9375.36,8602.0,8778.3
2020-02-27,8778.3,8972.92,8520.0,8812.49
2020-02-28,8814.9,8899.94,8428.8,8708.89
2020-02-29,8708.61,8799.0,8520.67,8525.07
2020-03-01,8523.33,8752.34,8400.0,8522.31
2020-03-02,8522.3,8973.45,8487.33,8915.0
2020-03-03,8919.21,8927.45,8635.31,8757.84
2020-03-04,8757.83,8847.0,8670.57,8760.66
2020-03-05,8759.99,9174.24,8759.99,9070.17
2020-03-06,9070.18,9182.08,9000.01,9158.51
2020-03-07,9158.51,9214.67,8850.47,8901.37
2020-03-08,8901.36,8901.37,8002.2,8037.76
2020-03-09,8037.73,8187.03,7630.0,7934.52
2020-03-10,7934.56,8158.25,7733.56,7894.68
2020-03-11,7894.68,7987.97,7583.27,7938.05
2020-03-12,7938.05,7969.45,4644.0,4857.1
2020-03-13,4857.1,5995.0,3858.0,5637.6
2020-03-14,5630.93,5669.0,5050.0,5165.25
2020-03-15,5161.16,5985.0,5085.91,5345.35
2020-03-16,5346.86,5350.3,4432.3,5037.61
2020-03-17,5039.95,5569.44,4935.6,5331.71
2020-03-18,5331.71,5452.82,5001.0,5413.64
2020-03-19,5413.88,6441.37,5261.69,6186.26
2020-03-20,6183.82,6990.0,5657.0,6206.1
2020-03-21,6210.47,6470.0,5851.0,6198.78
2020-03-22,6198.64,6420.0,5738.0,5818.25
2020-03-23,5815.24,6641.03,5678.2,6490.63
2020-03-24,6493.58,6866.1,6403.16,6766.64
2020-03-25,6766.0,6983.31,6470.0,6690.96
2020-03-26,6691.71,6795.0,6520.13,6758.18
2020-03-27,6760.0,6880.0,6260.0,6372.36
2020-03-28,6372.36,6372.36,6030.0,6251.82
2020-03-29,6251.45,6279.96,5870.46,5877.21
2020-03-30,5878.98,6631.23,5853.0,6406.4
2020-03-31,6406.4,6524.79,6333.91,6424.35
2020-04-01,6424.02,6744.99,6160.0,6666.11
2020-04-02,6666.11,7292.11,6570.92,6804.52
2020-04-03,6804.24,7050.0,6606.06,6741.99
2020-04-04,6741.99,7025.53,6658.16,6874.77
2020-04-05,6874.77,6925.0,6681.0,6778.25
2020-04-06,6778.64,7373.37,6773.28,7341.56
2020-04-07,7341.55,7466.0,7073.0,7200.01
2020-04-08,7200.01,7430.0,7154.22,7370.11
2020-04-09,7370.38,7377.0,7110.0,7293.24
2020-04-10,7293.23,7305.91,6750.0,6871.91
2020-04-11,6871.83,6955.0,6775.0,6889.65
2020-04-12,6889.78,7200.0,6787.44,6908.13
2020-04-13,6908.12,6908.13,6555.0,6861.21
2020-04-14,6860.51,6997.38,6771.41,6877.37
2020-04-15,6876.92,6940.0,6605.89,6624.12
2020-04-16,6623.62,7217.27,6456.0,7112.64
2020-04-17,7114.76,7156.66,7000.0,7037.46
2020-04-18,7036.45,7308.0,7021.0,7261.76
2020-04-19,7262.04,7275.0,7063.02,7130.71
2020-04-20,7130.7,7227.11,6748.72,6838.19
2020-04-21,6837.22,6959.0,6776.0,6853.68
2020-04-22,6853.67,7167.37,6826.0,7136.84
2020-04-23,7136.81,7775.0,7031.14,7488.83
2020-04-24,7491.5,7612.24,7390.0,7514.64
2020-04-25,7514.99,7720.0,7437.94,7547.61
2020-04-26,7547.61,7715.0,7490.0,7706.4
2020-04-27,7706.4,7810.99,7635.69,7789.77
2020-04-28,7789.77,7794.74,7672.0,7755.01
2020-04-29,7757.18,8988.0,7720.0,8793.75
2020-04-30,8794.99,9478.66,8407.0,8624.28
2020-05-01,8624.68,9075.98,8622.72,8829.42
2020-05-02,8829.42,9025.0,8762.01,8985.58
2020-05-03,8984.69,9203.52,8731.01,8909.95
2020-05-04,8907.85,8970.0,8533.98,8883.53
2020-05-05,8887.81,9126.27,8769.69,9028.79
2020-05-06,9028.78,9418.0,8922.13,9155.79
2020-05-07,9155.79,10079.0,9028.89,10004.77
2020-05-08,10000.37,10049.0,9730.0,9810.0
2020-05-09,9810.01,9920.73,9521.0,9537.21
2020-05-10,9537.21,9559.98,8106.7,8729.86
2020-05-11,8729.86,9182.66,8185.0,8572.4
2020-05-12,8572.4,8982.9,8534.85,8821.42
2020-05-13,8821.41,9420.18,8803.97,9321.26
2020-05-14,9320.85,9943.93,9257.15,9795.34
2020-05-15,9795.34,9849.0,9120.0,9312.1
2020-05-16,9312.1,9594.99,9215.01,9383.16
2020-05-17,9380.01,9896.0,9325.81,9676.63
2020-05-18,9677.45,9957.25,9436.97,9728.52
2020-05-19,9728.52,9898.0,9463.22,9783.76
2020-05-20,9783.57,9836.99,9294.54,9509.41
2020-05-21,9509.4,9568.0,8800.0,9061.96
2020-05-22,9059.32,9267.34,8923.5,9168.84
2020-05-23,9168.84,9313.83,9090.11,9181.76
2020-05-24,9181.09,9306.23,8680.7,8715.73
2020-05-25,8715.69,8977.0,8632.93,8899.31
2020-05-26,8900.0,9016.99,8694.23,8844.42
2020-05-27,8844.41,9230.0,8811.46,9208.53
2020-05-28,9208.53,9625.0,9112.0,9580.19
2020-05-29,9580.01,9609.02,9330.01,9423.84
2020-05-30,9423.85,9764.0,9326.43,9700.33
2020-05-31,9700.32,9705.6,9369.58,9446.57
2020-06-01,9445.83,10428.0,9417.42,10208.96
2020-06-02,10208.96,10237.6,9270.0,9522.46
2020-06-03,9521.53,9695.0,9385.22,9668.07
2020-06-04,9668.06,9888.0,9450.0,9788.03
2020-06-05,9791.96,9855.0,9585.44,9613.21
2020-06-06,9613.42,9735.13,9526.03,9671.7
2020-06-07,9670.28,9822.0,9370.0,9750.12
2020-06-08,9750.12,9815.0,9632.79,9781.51
2020-06-09,9781.51,9886.0,9567.33,9779.41
2020-06-10,9779.7,10018.67,9690.0,9894.04
2020-06-11,9894.35,9973.25,9050.0,9268.16
2020-06-12,9268.16,9552.87,9227.0,9464.17
2020-06-13,9464.71,9494.45,9346.0,9475.0
2020-06-14,9475.0,9481.0,9240.0,9325.0
2020-06-15,9328.63,9499.0,8895.01,9432.53
2020-06-16,9432.57,9592.04,9381.0,9526.25
2020-06-17,9526.25,9558.48,9227.03,9457.51
2020-06-18,9457.51,9482.66,9267.18,9376.14
2020-06-19,9376.14,9430.0,9229.0,9301.91
2020-06-20,9300.42,9391.71,9161.0,9355.74
2020-06-21,9355.74,9419.35,9273.0,9286.14
2020-06-22,9286.14,9792.0,9267.58,9690.74
2020-06-23,9690.67,9724.53,9572.22,9623.56
2020-06-24,9623.56,9663.38,9195.0,9285.91
2020-06-25,9285.94,9335.0,8979.07,9243.51
2020-06-26,9242.98,9291.73,9027.62,9155.42
2020-06-27,9155.42,9188.14,8815.01,9002.46
2020-06-28,9002.38,9189.0,8931.77,9113.24
2020-06-29,9113.23,9236.75,9014.0,9184.45
2020-06-30,9188.79,9201.0,9059.6,9136.2
2020-07-01,9135.91,9297.2,9088.0,9239.97
2020-07-02,9239.41,9265.0,8938.0,9091.53
2020-07-03,9091.98,9126.12,9036.74,9063.87
2020-07-04,9059.73,9195.84,9039.84,9138.51
2020-07-05,9138.51,9145.0,8905.84,9074.39
2020-07-06,9074.37,9375.9,9061.59,9343.31
2020-07-07,9343.31,9379.34,9201.57,9253.94
2020-07-08,9253.94,9475.0,9232.2,9435.28
2020-07-09,9435.28,9446.62,9154.79,9236.95
2020-07-10,9236.95,9322.23,9118.0,9291.05
2020-07-11,9291.04,9303.04,9182.35,9235.0
2020-07-12,9235.0,9347.53,9159.33,9303.37
2020-07-13,9303.38,9339.61,9193.52,9236.92
2020-07-14,9236.91,9280.0,9100.0,9256.94
2020-07-15,9256.94,9273.98,9154.01,9190.16
2020-07-16,9190.8,9216.02,9005.0,9130.11
2020-07-17,9130.93,9182.99,9054.99,9154.29
2020-07-18,9154.29,9210.0,9122.65,9175.85
2020-07-19,9175.83,9245.03,9105.37,9212.87
2020-07-20,9214.01,9223.51,9131.0,9161.05
2020-07-21,9161.05,9438.0,9157.04,9394.14
2020-07-22,9394.14,9567.77,9277.0,9536.18
2020-07-23,9536.2,9686.0,9450.04,9613.24
2020-07-24,9613.24,9645.55,9475.7,9551.21
2020-07-25,9551.21,9747.76,9536.64,9711.33
2020-07-26,9711.79,10150.0,9661.35,9941.0
2020-07-27,9941.0,11420.0,9935.0,11048.91
2020-07-28,11048.05,11259.0,10575.0,10934.23
2020-07-29,10934.22,11350.0,10843.47,11110.12
2020-07-30,11108.16,11188.65,10811.0,11115.95
2020-07-31,11115.99,11460.0,10975.0,11351.62
2020-08-01,11351.61,11888.0,11237.82,11810.07
2020-08-02,11810.07,12134.29,10546.15,11068.54
2020-08-03,11067.46,11486.6,10911.74,11233.13
2020-08-04,11233.16,11417.11,11006.16,11197.04
2020-08-05,11197.05,11798.87,11073.7,11756.75
2020-08-06,11756.75,11916.68,11580.19,11773.89
2020-08-07,11773.89,11920.0,11350.0,11606.52
2020-08-08,11606.52,11818.18,11529.45,11774.98
2020-08-09,11773.24,11810.24,11532.04,11688.48
2020-08-10,11688.25,12086.22,11470.01,11899.73
2020-08-11,11899.87,11943.0,11120.0,11388.53
2020-08-12,11388.88,11625.0,11148.54,11566.45
2020-08-13,11566.44,11802.09,11274.14,11795.95
2020-08-14,11795.95,11865.97,11651.24,11779.0
2020-08-15,11777.5,11989.98,11688.0,11859.24
2020-08-16,11860.02,11940.0,11686.53,11918.84
2020-08-17,11918.84,12486.61,11775.0,12304.26
2020-08-18,12303.98,12400.0,11825.0,11950.0
2020-08-19,11954.22,12024.83,11569.0,11758.87
2020-08-20,11758.87,11892.16,11671.48,11864.26
2020-08-21,11864.26,11884.99,11480.0,11529.22
2020-08-22,11529.99,11693.16,11370.0,11672.93
2020-08-23,11672.92,11715.0,11525.62,11650.01
2020-08-24,11650.01,11823.62,11592.91,11753.85
2020-08-25,11753.26,11769.76,11102.73,11324.92
2020-08-26,11324.92,11539.99,11254.89,11463.27
2020-08-27,11463.27,11597.92,11125.0,11330.06
2020-08-28,11330.56,11550.51,11282.09,11535.0
2020-08-29,11535.0,11580.0,11422.21,11474.31
2020-08-30,11474.3,11720.0,11463.87,11716.01
2020-08-31,11716.0,11784.66,11576.0,11655.0
2020-09-01,11655.0,12086.0,11525.09,11924.22
2020-09-02,11924.22,11950.0,11160.0,11395.48
2020-09-03,11395.49,11474.99,10005.0,10172.52
2020-09-04,10172.13,10638.34,9895.22,10500.05
2020-09-05,10500.05,10564.8,9813.0,10168.36
2020-09-06,10169.58,10358.88,10000.0,10257.86
2020-09-07,10258.67,10410.9,9880.0,10375.0
2020-09-08,10375.0,10440.91,9819.83,10125.69
2020-09-09,10126.41,10349.99,9983.34,10224.56
2020-09-10,10224.56,10489.0,10216.41,10343.23
2020-09-11,10344.24,10411.44,10200.0,10394.41
2020-09-12,10394.41,10483.23,10276.19,10446.52
2020-09-13,10446.52,10582.36,10211.0,10336.76
2020-09-14,10336.76,10760.62,10253.0,10679.95
2020-09-15,10678.41,10950.0,10613.18,10783.75
2020-09-16,10783.36,11099.95,10662.02,10959.61
2020-09-17,10957.06,11044.0,10735.55,10943.61
2020-09-18,10943.99,11039.88,10813.0,10937.52
2020-09-19,10937.5,11179.9,10891.78,11080.0
2020-09-20,11081.09,11081.37,10759.37,10920.89
2020-09-21,10920.94,10994.0,10180.0,10416.82
2020-09-22,10416.83,10576.82,10355.0,10531.13
2020-09-23,10531.13,10541.25,10135.22,10235.1
2020-09-24,10237.41,10795.87,10192.56,10740.01
2020-09-25,10740.0,10765.07,10551.0,10690.53
2020-09-26,10690.53,10828.0,10654.58,10730.0
2020-09-27,10730.0,10806.32,10595.24,10778.2
2020-09-28,10779.0,10956.11,10621.22,10695.55
2020-09-29,10694.9,10860.79,10636.13,10840.73
2020-09-30,10839.98,10847.0,10657.04,10779.63
2020-10-01,10779.63,10931.98,10427.75,10617.63
2020-10-02,10616.35,10668.56,10363.76,10573.12
2020-10-03,10573.12,10606.36,10498.02,10551.65
2020-10-04,10550.32,10697.0,10521.87,10671.11
2020-10-05,10670.01,10800.0,10621.12,10795.0
2020-10-06,10796.97,10800.0,10524.0,10602.66
2020-10-07,10601.2,10683.75,10546.78,10670.47
2020-10-08,10670.47,10963.16,10532.11,10933.09
2020-10-09,10932.44,11111.11,10834.49,11057.07
2020-10-10,11057.07,11498.98,11055.75,11299.5
2020-10-11,11299.52,11444.25,11276.28,11374.01
2020-10-12,11374.01,11736.02,11187.6,11535.46
2020-10-13,11535.46,11561.45,11312.59,11428.22
2020-10-14,11428.22,11556.37,11290.83,11427.7
2020-10-15,11427.7,11641.38,11263.15,11509.34
2020-10-16,11509.31,11550.01,11201.0,11328.95
2020-10-17,11328.27,11421.0,11264.75,11367.89
2020-10-18,11367.9,11523.0,11350.37,11514.2
2020-10-19,11514.2,11833.0,11416.04,11760.45
2020-10-20,11760.45,12050.0,11685.0,11923.83
2020-10-21,11923.07,13250.04,11900.01,12808.0
2020-10-22,12808.01,13200.0,12698.02,12987.02
2020-10-23,12988.2,13037.0,12722.72,12937.09
2020-10-24,12938.0,13175.0,12884.31,13126.24
2020-10-25,13126.34,13361.0,12890.76,13045.0
2020-10-26,13045.02,13250.0,12785.0,13068.79
2020-10-27,13068.79,13793.72,13061.28,13698.18
2020-10-28,13740.85,13863.87,12891.57,13281.05
2020-10-29,13281.06,13650.0,12976.29,13460.0
2020-10-30,13460.0,13687.82,13131.31,13571.51
2020-10-31,13571.51,14098.92,13424.73,13804.81
2020-11-01,13803.69,13906.74,13630.05,13771.59
2020-11-02,13771.7,13840.0,13215.0,13563.22
2020-11-03,13563.22,14081.45,13290.0,14035.8
2020-11-04,14034.35,14273.6,13530.01,14161.48
2020-11-05,14165.86,15775.0,14115.0,15608.21
2020-11-06,15608.06,15977.67,15190.36,15599.95
2020-11-07,15599.95,15779.24,14310.0,14834.09
2020-11-08,14834.09,15666.0,14721.9,15482.9
2020-11-09,15482.89,15856.9,14817.14,15342.25
2020-11-10,15342.1,15481.06,15090.08,15315.03
2020-11-11,15315.46,16000.0,15293.04,15705.79
2020-11-12,15705.79,16370.89,15446.82,16310.81
2020-11-13,16310.81,16491.92,15975.0,16339.56
2020-11-14,16339.56,16339.6,15708.24,16082.01
2020-11-15,16082.01,16175.6,15796.09,15966.89
2020-11-16,15970.0,16892.0,15879.0,16726.64
2020-11-17,16726.49,17880.0,16575.42,17679.36
2020-11-18,17679.86,18488.0,17205.02,17782.91
2020-11-19,17790.18,18193.29,17356.0,17821.58
2020-11-20,17821.92,18830.3,17764.76,18675.25
2020-11-21,18677.84,18980.0,18350.0,18721.21
2020-11-22,18721.21,18773.56,17610.77,18437.66
2020-11-23,18437.18,18777.77,18001.0,18384.82
2020-11-24,18384.82,19469.0,18052.02,19172.84
2020-11-25,19172.9,19500.0,18502.0,18721.93
2020-11-26,18717.24,18915.48,16200.0,17170.0
2020-11-27,17169.99,17475.0,16400.0,17153.95
2020-11-28,17155.43,17933.25,16880.0,17739.85
2020-11-29,17736.1,18359.0,17535.26,18202.04
2020-11-30,18202.02,19873.23,18201.47,19713.94
2020-12-01,19713.94,19915.14,18109.0,18782.97
2020-12-02,18778.18,19340.0,18335.0,19225.63
2020-12-03,19222.45,19625.64,18885.0,19448.64
2020-12-04,19446.43,19546.46,18576.05,18658.1
2020-12-05,18658.09,19189.98,18501.0,19158.96
2020-12-06,19158.96,19430.25,18878.0,19375.6
2020-12-07,19375.6,19432.57,18901.0,19177.71
2020-12-08,19177.08,19299.51,18200.0,18316.22
2020-12-09,18316.22,18647.33,17639.0,18546.55
2020-12-10,18546.55,18556.42,17905.0,18253.44
2020-12-11,18257.18,18293.08,17580.0,18042.15
2020-12-12,18044.19,18955.34,18023.57,18821.28
2020-12-13,18821.28,19421.03,18730.0,19166.65
2020-12-14,19166.65,19349.98,18967.68,19272.37
2020-12-15,19272.37,19565.0,19051.27,19444.6
2020-12-16,19443.19,21569.94,19300.0,21359.65
2020-12-17,21360.5,23776.94,21252.01,22826.48
2020-12-18,22826.37,23280.0,22329.0,23137.76
2020-12-19,23138.89,24200.0,22770.0,23849.99
2020-12-20,23850.0,24300.0,23100.0,23476.51
2020-12-21,23476.51,24118.75,21913.84,22729.4
2020-12-22,22729.4,23839.78,22380.05,23823.27
2020-12-23,23824.13,24090.0,22600.0,23228.35
2020-12-24,23226.18,23785.0,22712.89,23717.96
2020-12-25,23718.61,24770.95,23416.0,24704.71
2020-12-26,24704.71,26822.0,24490.01,26475.35
2020-12-27,26482.64,28387.0,25772.55,26258.65
2020-12-28,26255.16,27477.0,26086.19,27040.36
2020-12-29,27039.39,27396.77,25833.73,27366.35
2020-12-30,27366.35,29018.26,27311.73,28897.42
2020-12-31,28897.42,29321.9,28000.0,28990.08
2021-01-01,28990.08,29688.88,28700.0,29412.84
2021-01-02,29413.29,33300.0,29039.0,32225.91
2021-01-03,32222.88,34810.0,32008.62,33080.66
2021-01-04,33082.84,33666.99,27678.0,32019.99
2021-01-05,32020.22,34499.67,29891.13,34030.64
2021-01-06,34043.91,37000.0,33352.54,36859.26
2021-01-07,36859.26,40425.0,36200.0,39505.56
2021-01-08,39510.55,41986.37,36565.08,40665.15
2021-01-09,40642.15,41406.94,38800.0,40257.43
2021-01-10,40257.43,41452.12,34444.0,38171.57
2021-01-11,38168.89,38273.88,30100.0,35452.59
2021-01-12,35456.89,36604.51,32500.0,34038.98
2021-01-13,34035.53,37888.0,32309.04,37393.66
2021-01-14,37393.67,40127.66,36751.11,39125.14
2021-01-15,39123.05,39697.0,34298.93,36754.67
2021-01-16,36754.6,37948.0,35372.59,36006.94
2021-01-17,36004.8,36860.0,33850.03,35820.0
2021-01-18,35820.01,37402.0,34736.46,36624.23
2021-01-19,36624.23,37857.0,35895.11,35917.28
2021-01-20,35921.91,36415.34,33387.01,35503.09
2021-01-21,35498.85,35628.24,30011.0,30855.95
2021-01-22,30855.9,33867.0,28732.0,32984.93
2021-01-23,32982.66,33488.79,31432.19,32112.01
2021-01-24,32110.0,33086.53,30931.21,32288.56
2021-01-25,32293.18,34888.0,31920.8,32261.87
2021-01-26,32260.52,32960.37,30830.0,32510.82
2021-01-27,32510.82,32584.62,29156.0,30407.13
2021-01-28,30414.11,34000.0,29902.14,33488.99
2021-01-29,33487.92,38570.13,31990.0,34262.11
2021-01-30,34262.11,34900.0,32852.86,34315.63
2021-01-31,34315.63,34387.75,32200.0,33137.74
2021-02-01,33137.75,34728.57,32333.0,33533.19
2021-02-02,33534.39,36000.0,33450.0,35512.67
2021-02-03,35513.0,37723.72,35393.8,37678.37
2021-02-04,37688.42,38769.0,36156.45,36975.0
2021-02-05,36976.59,38349.0,36605.87,38311.49
2021-02-06,38327.09,41000.0,38250.0,39265.43
2021-02-07,39266.1,39737.83,37371.35,38871.42
2021-02-08,38871.43,46750.0,38057.01,46448.1
2021-02-09,46453.66,48200.0,45020.0,46514.73
2021-02-10,46514.73,47349.99,43706.86,44850.0
2021-02-11,44850.0,48690.0,44011.0,47997.91
2021-02-12,47993.6,48912.0,46300.0,47408.34
2021-02-13,47408.34,48199.0,46300.0,47232.45
2021-02-14,47240.75,49700.0,47100.13,48680.69
2021-02-15,48667.23,49093.44,45768.46,47936.37
2021-02-16,47935.66,50645.0,47051.22,49158.71
2021-02-17,49141.43,52640.35,48942.87,52170.01
2021-02-18,52170.01,52549.99,50875.0,51601.73
2021-02-19,51596.0,56370.05,50725.0,55983.56
2021-02-20,55983.57,57563.57,54000.1,55923.52
2021-02-21,55921.44,58367.0,55531.23,57489.16
2021-02-22,57489.16,57577.69,46616.0,54142.13
2021-02-23,54125.67,54206.22,44888.08,48899.99
2021-02-24,48899.99,51415.41,47002.0,49737.82
2021-02-25,49737.81,52107.83,46700.0,47058.48
2021-02-26,47063.9,48464.64,44150.0,46326.2
2021-02-27,46319.79,48356.86,45055.0,46180.75
2021-02-28,46169.92,46656.0,43016.0,45231.75
2021-03-01,45231.74,49829.0,45042.13,49639.4
2021-03-02,49635.3,50250.0,47075.11,48511.6
2021-03-03,48502.18,52666.0,48161.75,50360.0
2021-03-04,50370.33,51798.33,47502.0,48368.52
2021-03-05,48370.97,49473.99,46219.32,48769.47
2021-03-06,48766.01,49210.0,47077.0,48909.84
2021-03-07,48909.84,51459.0,48909.83,50978.61
2021-03-08,50976.22,52425.0,49328.62,52415.23
2021-03-09,52413.17,54936.0,51845.01,54916.38
2021-03-10,54921.61,57402.14,53025.0,55890.69
2021-03-11,55888.7,58113.0,54283.0,57815.47
2021-03-12,57820.15,58065.92,55050.0,57225.91
2021-03-13,57220.84,61788.45,56083.74,61178.5
2021-03-14,61181.38,61680.0,58950.0,58972.7
2021-03-15,58972.71,60601.07,54568.0,55636.15
2021-03-16,55629.08,56970.0,53221.0,56927.11
2021-03-17,56924.26,58996.38,54138.01,58925.54
2021-03-18,58925.54,60100.0,56996.15,57644.95
2021-03-19,57644.95,59461.99,56260.0,58039.66
2021-03-20,58026.91,59928.0,57827.97,58116.7
2021-03-21,58126.34,58651.22,55543.89,57363.32
2021-03-22,57377.29,58421.68,53739.5,54110.07
2021-03-23,54111.49,55858.0,53000.0,54345.54
2021-03-24,54333.27,57209.97,51673.82,52276.16
2021-03-25,52259.69,53238.0,50305.0,51325.01
2021-03-26,51320.76,55125.13,51250.0,55072.44
2021-03-27,55080.9,56640.0,53966.0,55856.53
2021-03-28,55856.54,56587.08,54701.0,55778.82
2021-03-29,55781.22,58400.0,54900.0,57613.48
2021-03-30,57613.76,59397.48,57000.0,58786.46
2021-03-31,58786.46,59800.0,56873.8,58800.0
2021-04-01,58800.01,59474.94,57930.0,58726.48
2021-04-02,58726.47,60055.02,58441.88,58981.04
2021-04-03,58981.04,59752.0,56943.0,57094.34
2021-04-04,57094.34,58500.0,56478.53,58215.94
2021-04-05,58216.73,59251.76,56817.64,59123.02
2021-04-06,59134.07,59475.0,57333.33,58019.98
2021-04-07,58021.67,58630.0,55400.0,55955.75
2021-04-08,55962.67,58152.0,55700.0,58083.1
2021-04-09,58083.1,58869.69,57670.51,58092.68
2021-04-10,58092.68,61218.97,57875.41,59778.6
2021-04-11,59778.59,60658.89,59177.06,59985.26
2021-04-12,59983.66,61199.0,59369.0,59839.82
2021-04-13,59836.88,63774.39,59799.01,63588.22
2021-04-14,63588.22,64899.0,61277.91,62971.8
2021-04-15,62971.8,63831.82,62036.73,63229.04
2021-04-16,63229.04,63604.34,60048.43,61427.27
2021-04-17,61427.27,62572.48,59700.0,60058.86
2021-04-18,60067.2,60437.97,51300.0,56274.41
2021-04-19,56273.65,57600.0,54187.85,55696.83
2021-04-20,55696.83,57111.0,53430.01,56499.29
2021-04-21,56477.67,56810.56,53620.91,53800.86
2021-04-22,53795.62,55469.98,50400.0,51701.59
2021-04-23,51695.98,52130.58,47464.65,51187.27
2021-04-24,51187.75,51260.61,48726.87,50089.15
2021-04-25,50101.42,50591.38,47044.01,49121.0
2021-04-26,49121.0,54400.0,48817.62,54053.6
2021-04-27,54047.8,55509.39,53321.0,55069.62
2021-04-28,55069.61,56476.17,53887.0,54894.03
2021-04-29,54889.81,55226.86,52369.61,53580.0
2021-04-30,53580.0,58075.01,53068.43,57798.77
2021-05-01,57798.77,58550.0,57050.94,57859.28
2021-05-02,57859.28,57972.26,56072.0,56625.2
2021-05-03,56625.21,58986.0,56500.0,57212.73
2021-05-04,57212.73,57247.24,53057.7,53241.92
2021-05-05,53241.91,57980.86,52913.02,57515.69
2021-05-06,57515.69,58400.0,55288.0,56440.66
2021-05-07,56444.82,58735.95,55300.0,57380.39
2021-05-08,57380.39,59559.84,56980.01,58958.05
2021-05-09,58958.06,59300.52,56265.3,58312.57
2021-05-10,58313.84,59592.2,53600.0,55866.41
2021-05-11,55866.38,56962.07,54511.48,56753.19
2021-05-12,56753.19,58041.0,48500.0,49498.77
2021-05-13,49498.76,52500.0,46000.0,49690.11
2021-05-14,49682.28,51569.56,48895.0,49893.48
2021-05-15,49893.48,50730.58,46573.0,46775.51
2021-05-16,46771.01,49808.28,43825.0,46450.79
2021-05-17,46450.78,46646.15,42101.0,43580.5
2021-05-18,43571.89,45851.0,42300.0,42857.15
2021-05-19,42865.05,43591.7,30000.0,36731.75
2021-05-20,36735.44,42605.0,35000.0,40623.33
2021-05-21,40623.24,42275.99,33501.54,37340.77
2021-05-22,37333.09,38889.76,35257.52,37476.83
2021-05-23,37476.84,38319.36,31111.0,34758.67
2021-05-24,34758.88,39966.87,34407.17,38878.56
2021-05-25,38874.53,39878.51,36481.26,38361.81
2021-05-26,38361.81,40900.0,37837.36,39293.23
2021-05-27,39293.23,40440.95,37191.99,38556.88
2021-05-28,38556.88,38900.0,34688.0,35680.47
2021-05-29,35680.48,37325.0,33650.86,34627.82
2021-05-30,34627.81,36500.0,33333.0,35669.44
2021-05-31,35669.44,37534.09,34183.0,37279.31
2021-06-01,37276.23,37918.97,35669.14,36685.0
2021-06-02,36684.99,38237.37,35920.0,37577.91
2021-06-03,37581.83,39489.82,37184.88,39248.55
2021-06-04,39248.54,39291.24,35593.22,36856.52
2021-06-05,36856.53,37921.35,34832.17,35539.49
2021-06-06,35539.97,36477.86,35258.0,35800.48
2021-06-07,35800.48,36812.39,33333.0,33575.91
2021-06-08,33567.26,34069.0,31004.95,33402.13
2021-06-09,33402.13,37573.99,32408.53,37403.86
2021-06-10,37404.75,38425.67,35800.0,36694.05
2021-06-11,36694.91,37695.0,35944.0,37338.44
2021-06-12,37340.08,37448.0,34635.47,35557.33
2021-06-13,35557.32,39396.0,34780.57,39015.24
2021-06-14,39015.24,41076.03,38744.83,40539.47
2021-06-15,40537.93,41322.55,39510.98,40162.37
2021-06-16,40158.06,40499.0,38105.0,38351.0
2021-06-17,38351.0,39554.98,37365.63,38095.17
2021-06-18,38103.94,38216.22,35153.16,35841.81
2021-06-19,35840.96,36457.18,34833.26,35484.79
2021-06-20,35484.8,36139.73,33347.05,35585.78
2021-06-21,35585.79,35741.54,31259.0,31609.82
2021-06-22,31609.82,33352.0,28800.0,32538.37
2021-06-23,32538.9,34881.02,31708.03,33688.35
2021-06-24,33688.51,35295.67,32300.0,34654.58
2021-06-25,34654.87,35500.0,31300.0,31594.63
2021-06-26,31594.62,32711.68,30173.49,32275.19
2021-06-27,32267.59,34749.0,32002.21,34709.23
2021-06-28,34708.53,35301.43,33864.99,34493.22
2021-06-29,34493.22,36675.0,34233.35,35904.28
2021-06-30,35906.17,36094.42,34033.0,35060.0
2021-07-01,35060.0,35066.54,32703.48,33516.11
2021-07-02,33510.93,33972.06,32704.73,33805.02
2021-07-03,33805.01,34953.07,33320.0,34682.16
2021-07-04,34685.03,35951.0,34390.53,35284.05
2021-07-05,35284.06,35290.82,33156.86,33697.78
2021-07-06,33697.78,35100.0,33300.0,34225.73
2021-07-07,34225.72,35077.46,33770.01,33878.56
2021-07-08,33879.5,33934.62,32111.0,32875.95
2021-07-09,32875.95,34100.0,32255.24,33824.26
2021-07-10,33824.25,34267.14,33027.83,33515.35
2021-07-11,33515.35,34607.37,33333.33,34259.23
2021-07-12,34259.22,34670.0,32665.0,33091.1
2021-07-13,33077.43,33337.61,32201.12,32734.14
2021-07-14,32734.14,33125.55,31600.0,32816.39
2021-07-15,32815.75,33187.6,31064.77,31868.68
2021-07-16,31872.49,32259.16,31025.42,31388.06
2021-07-17,31389.57,31949.99,31179.01,31533.91
2021-07-18,31533.9,32450.0,31125.6,31788.25
2021-07-19,31786.37,31887.82,30429.99,30842.03
2021-07-20,30842.04,31052.65,29301.56,29796.16
2021-07-21,29796.15,32825.0,29501.02,32135.19
2021-07-22,32152.68,32611.84,31729.68,32287.74
2021-07-23,32287.75,33647.27,32000.0,33647.26
2021-07-24,33647.27,34525.0,33424.7,34283.01
2021-07-25,34291.67,35451.04,33888.89,35428.26
2021-07-26,35428.25,40593.93,35251.54,37262.77
2021-07-27,37262.76,39550.0,36413.26,39470.48
2021-07-28,39475.99,40925.56,38803.34,40035.1
2021-07-29,40035.1,40644.85,39229.47,40039.44
2021-07-30,40039.44,42320.57,38342.0,42237.95
2021-07-31,42233.66,42414.61,41064.11,41495.01
2021-08-01,41499.0,42605.64,39426.0,39865.41
2021-08-02,39859.18,40459.68,38690.0,39149.59
2021-08-03,39149.59,39785.3,37627.21,38191.44
2021-08-04,38189.4,39965.1,37509.0,39722.41
2021-08-05,39718.9,41447.89,37300.0,40888.74
2021-08-06,40888.73,43399.26,39876.74,42869.58
2021-08-07,42869.59,44750.0,42457.27,44637.34
2021-08-08,44628.11,45363.83,43131.97,43829.14
2021-08-09,43829.15,46497.42,42821.3,46285.48
2021-08-10,46280.0,46718.44,44650.27,45595.66
2021-08-11,45601.82,46781.09,45350.74,45553.49
2021-08-12,45553.1,46223.95,43714.36,44422.14
2021-08-13,44422.15,47953.9,44249.64,47833.64
2021-08-14,47833.64,48176.52,46034.93,47109.65
2021-08-15,47109.64,47400.0,45525.19,47014.49
2021-08-16,47014.38,48076.52,45676.91,45902.46
2021-08-17,45903.22,47174.62,44405.39,44671.58
2021-08-18,44675.34,46035.27,44216.47,44707.98
2021-08-19,44709.1,47088.08,43955.0,46765.87
2021-08-20,46769.02,49400.0,46644.95,49342.4
2021-08-21,49349.99,49821.92,48285.28,48867.02
2021-08-22,48870.21,49526.13,48102.89,49284.63
2021-08-23,49284.38,50505.0,49012.84,49506.5
2021-08-24,49504.53,49875.9,47600.0,47682.45
2021-08-25,47682.45,49277.0,47122.02,48987.33
2021-08-26,48991.57,49365.1,46315.48,46851.47
2021-08-27,46851.47,49185.12,46361.01,49077.57
2021-08-28,49081.08,49309.83,48370.0,48942.94
2021-08-29,48942.89,49667.1,47801.0,48802.58
2021-08-30,48802.58,48906.51,46866.0,46993.71
2021-08-31,46996.8,48259.68,46708.93,47112.5
2021-09-01,47110.33,49125.0,46537.62,48839.86
2021-09-02,48834.27,50392.19,48620.73,49279.37
2021-09-03,49279.38,51064.44,48349.66,50025.0
2021-09-04,50025.0,50558.75,49400.0,49942.98
2021-09-05,49944.89,51907.08,49500.0,51789.17
2021-09-06,51789.17,52802.03,51020.08,52698.81
2021-09-07,52698.8,52944.96,42830.77,46894.5
2021-09-08,46894.49,47381.47,44423.49,46060.36
2021-09-09,46059.94,47400.0,45511.82,46400.0
2021-09-10,46396.26,47040.76,44140.48,44851.45
2021-09-11,44850.37,45989.94,44730.29,45171.83
2021-09-12,45173.66,46462.98,44754.31,46024.23
2021-09-13,46027.8,46900.0,43465.0,44947.72
2021-09-14,44953.23,47274.92,44679.92,47127.22
2021-09-15,47127.81,48475.0,46705.0,48148.12
2021-09-16,48144.03,48499.99,47020.82,47753.16
2021-09-17,47753.15,48176.64,46752.67,47303.5
2021-09-18,47306.87,48825.62,47050.0,48314.56
2021-09-19,48309.86,48379.19,46850.87,47255.92
2021-09-20,47253.71,47358.92,42500.0,43012.97
2021-09-21,43007.69,43639.88,39600.0,40719.6
2021-09-22,40736.81,44035.44,40570.42,43575.1
2021-09-23,43575.19,45000.0,43096.73,44897.59
2021-09-24,44896.55,45200.0,40683.29,42848.92
2021-09-25,42848.44,42998.76,41675.0,42705.51
2021-09-26,42705.51,43937.0,40803.0,43178.02
2021-09-27,43172.17,44366.96,42111.0,42171.76
2021-09-28,42166.31,42780.0,40897.7,41026.07
2021-09-29,41030.19,42638.99,40750.12,41522.16
2021-09-30,41519.11,44110.17,41409.67,43824.43
2021-10-01,43828.89,48500.0,43287.44,48165.76
2021-10-02,48165.76,48359.33,47451.0,47657.69
2021-10-03,47663.74,49300.0,47120.11,48233.99
2021-10-04,48233.99,49505.0,46916.7,49245.54
2021-10-05,49244.13,51906.23,49057.18,51493.99
2021-10-06,51499.77,55757.11,50416.01,55339.48
2021-10-07,55346.95,55356.85,53379.0,53797.82
2021-10-08,53805.46,56113.0,53634.41,53963.82
2021-10-09,53965.18,55500.0,53675.0,54962.29
2021-10-10,54963.29,56545.24,54112.95,54690.53
2021-10-11,54683.09,57833.23,54411.54,57487.44
2021-10-12,57485.97,57674.55,53873.78,56005.1
2021-10-13,56005.1,57771.33,54236.09,57367.32
2021-10-14,57367.32,58520.71,56832.32,57359.51
2021-10-15,57359.51,62910.0,56867.11,61695.39
2021-10-16,61690.32,62350.0,60139.01,60877.42
2021-10-17,60867.05,61744.17,58943.83,61527.11
2021-10-18,61530.07,62675.19,59887.74,62042.41
2021-10-19,62042.4,64500.0,61333.0,64303.14
2021-10-20,64303.14,66999.0,63525.0,66026.54
2021-10-21,66021.26,66650.85,62050.0,62204.02
2021-10-22,62204.01,63750.0,60000.0,60687.64
2021-10-23,60682.88,61750.0,59650.0,61300.01
2021-10-24,61300.02,61491.96,59522.89,60854.48
2021-10-25,60847.91,63726.58,60653.5,63083.54
2021-10-26,63081.96,63290.49,59837.07,60337.62
2021-10-27,60333.19,61488.0,58100.0,58455.47
2021-10-28,58462.73,62477.47,57653.88,60591.65
2021-10-29,60591.63,62974.0,60188.73,62276.72
2021-10-30,62287.95,62379.2,60725.01,61892.41
2021-10-31,61896.38,62427.02,60001.0,61343.68
2021-11-01,61346.17,62500.0,59500.0,60949.54
2021-11-02,60956.4,64300.0,60672.16,63266.51
2021-11-03,63266.5,63568.36,60070.0,62935.41
2021-11-04,62935.4,63114.14,60728.77,61444.5
2021-11-05,61444.49,62638.59,60777.0,61006.15
2021-11-06,61006.14,61599.25,60125.0,61539.31
2021-11-07,61539.3,63327.96,61397.86,63309.13
2021-11-08,63309.12,67792.77,63309.12,67554.84
2021-11-09,67554.13,68568.85,66261.79,66944.66
2021-11-10,66938.76,69000.0,62800.0,64912.2
2021-11-11,64912.2,65600.0,64133.78,64807.59
2021-11-12,64807.73,65477.06,62300.0,64147.9
2021-11-13,64144.42,64990.0,63394.17,64400.01
2021-11-14,64400.01,65525.0,63596.9,65505.02
2021-11-15,65505.03,66339.9,63371.0,63624.59
2021-11-16,63621.05,63624.6,58638.0,60107.98
2021-11-17,60101.56,60824.38,58380.0,60351.51
2021-11-18,60351.51,60977.21,56514.13,56898.0
2021-11-19,56898.46,58412.12,55625.0,58122.16
2021-11-20,58122.15,59900.0,57423.35,59760.76
2021-11-21,59760.76,60070.0,58509.69,58671.21
2021-11-22,58671.22,59526.51,55641.03,56280.81
2021-11-23,56280.81,57886.03,55377.0,57566.85
2021-11-24,57562.65,57607.97,55875.01,57162.66
2021-11-25,57158.58,59445.99,57037.04,58987.27
2021-11-26,58994.72,59194.0,53533.0,53757.67
2021-11-27,53757.67,55316.67,53642.58,54759.05
2021-11-28,54759.04,57490.0,53327.0,57317.17
2021-11-29,57318.51,58908.27,56730.0,57838.06
2021-11-30,57838.06,59249.77,55910.33,56987.97
2021-12-01,56998.35,59118.84,56465.75,57226.5
2021-12-02,57226.51,57423.69,55845.0,56521.46
2021-12-03,56521.45,57670.68,51640.0,53638.04
2021-12-04,53633.02,53876.09,42333.0,49241.12
2021-12-05,49235.26,49783.0,47827.0,49484.22
2021-12-06,49484.21,51105.0,47200.0,50529.56
2021-12-07,50529.56,51995.0,50067.1,50625.48
2021-12-08,50625.24,51250.0,48650.02,50519.68
2021-12-09,50520.94,50844.86,47323.23,47568.43
2021-12-10,47568.43,50148.49,46900.0,47170.94
2021-12-11,47170.94,49517.18,46786.78,49407.75
2021-12-12,49424.47,50828.13,48665.43,50089.64
2021-12-13,50089.64,50218.42,45727.92,46727.89
2021-12-14,46727.89,48686.91,46300.0,48367.43
2021-12-15,48359.23,49500.0,46530.0,48884.78
2021-12-16,48878.83,49459.39,47524.66,47634.22
2021-12-17,47634.2,48000.0,45469.32,46166.5
2021-12-18,46159.87,47368.73,45515.72,46859.46
2021-12-19,46857.49,48351.92,46440.11,46687.19
2021-12-20,46687.2,47548.93,45568.0,46926.07
2021-12-21,46926.07,49339.31,46645.05,48914.7
2021-12-22,48914.7,49595.0,48450.0,48608.62
2021-12-23,48608.61,51397.82,48032.16,50842.2
2021-12-24,50842.06,51878.6,50445.55,50851.38
2021-12-25,50852.31,51171.68,50191.84,50428.31
2021-12-26,50428.31,51295.33,49460.0,50801.79
2021-12-27,50804.33,52100.0,50480.0,50717.77
2021-12-28,50720.35,50720.35,47300.23,47543.09
2021-12-29,47542.2,48149.58,46094.02,46471.24
2021-12-30,46471.24,47926.15,45938.44,47122.08
2021-12-31,47122.09,48574.7,45650.0,46211.24
2022-01-01,46211.24,47967.12,46205.0,47733.43
2022-01-02,47733.43,47990.0,46633.36,47299.07
2022-01-03,47299.06,47583.33,45700.0,46459.56
2022-01-04,46459.57,47532.89,45515.0,45814.61
2022-01-05,45817.13,47076.55,42500.0,43436.04
2022-01-06,43446.34,43794.5,42432.99,43083.76
2022-01-07,43081.79,43144.72,40571.53,41565.18
2022-01-08,41564.57,42318.97,40505.3,41684.84
2022-01-09,41684.84,42831.12,41209.53,41876.52
2022-01-10,41876.52,42250.0,39650.0,41824.07
2022-01-11,41824.06,43130.0,41274.8,42753.44
2022-01-12,42749.84,44342.83,42459.21,43920.37
2022-01-13,43921.21,44453.22,42325.0,42581.65
2022-01-14,42576.27,43473.98,41752.0,43090.72
2022-01-15,43090.72,43819.39,42577.35,43098.2
2022-01-16,43098.2,43497.24,42600.0,43104.34
2022-01-17,43104.34,43200.0,41567.64,42218.01
2022-01-18,42214.66,42692.71,41287.79,42369.74
2022-01-19,42372.15,42586.03,41126.0,41674.27
2022-01-20,41672.14,43511.99,40555.0,40670.97
2022-01-21,40671.77,41127.79,35422.0,36456.94
2022-01-22,36456.67,36835.93,34017.56,35066.43
2022-01-23,35075.7,36555.55,34625.0,36282.47
2022-01-24,36275.28,37574.63,32933.33,36693.32
2022-01-25,36687.58,37579.81,35716.15,36980.0
2022-01-26,36980.0,38960.0,36254.97,36840.63
2022-01-27,36846.22,37249.0,35526.36,37188.37
2022-01-28,37188.37,38023.74,36162.48,37741.9
2022-01-29,37741.9,38748.43,37300.0,38191.1
2022-01-30,38189.82,38384.07,37365.31,37901.35
2022-01-31,37904.99,38785.04,36640.94,38491.93
2022-02-01,38492.53,39300.0,38021.53,38716.88
2022-02-02,38714.27,38888.88,36584.29,36923.39
2022-02-03,36923.39,37450.75,36259.01,37329.91
2022-02-04,37324.61,41788.81,37051.36,41614.64
2022-02-05,41613.75,41970.0,40955.4,41404.85
2022-02-06,41411.59,42719.93,41135.39,42415.16
2022-02-07,42416.06,44533.0,41678.79,43868.07
2022-02-08,43868.08,45519.24,42688.0,44085.59
2022-02-09,44087.58,44865.46,43155.5,44416.35
2022-02-10,44416.39,45855.0,43210.0,43527.71
2022-02-11,43521.88,43962.13,42000.0,42386.47
2022-02-12,42386.47,43050.0,41750.0,42244.97
2022-02-13,42244.91,42781.96,41885.61,42074.99
2022-02-14,42073.37,42876.15,41570.0,42548.71
2022-02-15,42548.71,44775.96,42433.28,44583.52
2022-02-16,44580.73,44585.69,43330.59,43895.56
2022-02-17,43895.55,44195.62,40099.99,40536.73
2022-02-18,40537.94,40990.9,39425.07,39983.56
2022-02-19,39993.64,40469.82,39655.0,40101.94
2022-02-20,40101.93,40146.07,38000.0,38389.03
2022-02-21,38395.99,39506.91,36811.0,37023.0
2022-02-22,37022.11,38469.06,36350.0,38251.48
2022-02-23,38251.67,39276.85,37055.0,37268.19
2022-02-24,37268.18,39720.0,34322.0,38347.3
2022-02-25,38347.3,39716.0,38016.44,39238.48
2022-02-26,39242.71,40300.5,38592.04,39137.8
2022-02-27,39146.97,39875.71,37020.0,37717.08
2022-02-28,37716.57,44240.77,37455.71,43192.66
2022-03-01,43189.61,44993.12,42850.0,44439.95
2022-03-02,44440.0,45426.45,43342.16,43912.34
2022-03-03,43916.47,44096.45,41811.0,42464.41
2022-03-04,42464.41,42524.87,38577.01,39166.51
2022-03-05,39166.5,39600.0,38587.27,39402.43
2022-03-06,39407.87,39730.5,38091.02,38408.38
2022-03-07,38406.82,39556.58,37161.88,37994.0
2022-03-08,37991.05,39376.65,37851.54,38749.38
2022-03-09,38749.16,42597.84,38655.98,41953.97
2022-03-10,41949.28,42053.84,38560.85,39433.71
2022-03-11,39431.4,40251.51,38234.08,38732.04
2022-03-12,38732.33,39472.17,38654.02,38813.02
2022-03-13,38815.56,39318.19,37580.86,37793.01
2022-03-14,37793.4,39906.39,37560.4,39674.17
2022-03-15,39678.51,39900.0,38135.0,39298.1
2022-03-16,39298.11,41717.67,38850.0,41127.97
2022-03-17,41127.96,41486.0,40521.0,40950.33
2022-03-18,40950.23,42396.04,40130.0,41774.98
2022-03-19,41781.37,42429.0,41534.89,42232.26
2022-03-20,42232.05,42330.1,40918.72,41287.24
2022-03-21,41287.24,41578.33,40509.0,41017.71
2022-03-22,41017.7,43389.79,40885.19,42378.26
2022-03-23,42376.03,43036.95,41766.79,42899.71
2022-03-24,42899.71,44241.0,42627.48,44012.29
2022-03-25,44012.36,45130.91,43605.8,44331.85
2022-03-26,44336.19,44820.58,44091.09,44539.42
2022-03-27,44538.21,46950.0,44437.22,46850.01
2022-03-28,46850.01,48240.0,46662.28,47144.92
2022-03-29,47146.92,48124.94,46589.0,47454.19
2022-03-30,47448.41,47717.01,46544.89,47078.03
2022-03-31,47078.02,47624.09,45211.0,45528.45
2022-04-01,45525.25,46739.24,44232.86,46296.34
2022-04-02,46296.36,47219.46,45642.89,45826.27
2022-04-03,45826.24,47469.4,45552.07,46422.16
2022-04-04,46420.08,46900.0,45129.93,46596.83
2022-04-05,46594.39,47200.0,45371.16,45506.5
2022-04-06,45509.92,45523.25,43115.26,43166.7
2022-04-07,43166.71,43908.58,42734.69,43452.18
2022-04-08,43444.71,44000.0,42112.0,42262.02
2022-04-09,42261.9,42816.38,42118.96,42766.93
2022-04-10,42766.46,43443.32,41885.86,42165.96
2022-04-11,42165.96,42424.14,39204.59,39535.87
2022-04-12,39535.88,40705.68,39250.0,40086.23
2022-04-13,40086.7,41570.88,39550.0,41146.68
2022-04-14,41147.15,41512.43,39573.8,39954.08
2022-04-15,39953.62,40850.0,39770.22,40554.58
2022-04-16,40554.6,40699.99,40005.0,40387.6
2022-04-17,40387.6,40605.46,39553.07,39683.54
2022-04-18,39681.11,41100.0,38550.0,40803.58
2022-04-19,40810.87,41772.94,40571.99,41503.85
2022-04-20,41501.56,42209.58,40900.0,41377.61
2022-04-21,41371.88,43109.47,39744.75,40480.81
2022-04-22,40483.38,40802.65,39174.8,39712.25
2022-04-23,39712.2,39993.82,39296.19,39465.87
2022-04-24,39459.63,39945.74,39000.0,39464.56
2022-04-25,39463.75,40605.3,38210.24,40439.22
2022-04-26,40440.9,40817.16,37700.0,38113.82
2022-04-27,38118.43,39470.0,37882.83,39251.11
2022-04-28,39251.02,40400.0,38883.83,39743.22
2022-04-29,39741.21,39926.8,38161.85,38593.1
2022-04-30,38592.27,38795.0,37590.0,37644.1
2022-05-01,37640.35,38675.37,37401.0,38473.05
2022-05-02,38469.49,39181.27,38041.0,38510.89
2022-05-03,38510.88,38643.48,37505.01,37719.59
2022-05-04,37719.58,40038.27,37651.38,39669.56
2022-05-05,39669.56,39864.55,35568.0,36537.22
2022-05-06,36537.22,36664.4,35255.4,35999.1
2022-05-07,35999.1,36125.0,34785.0,35458.0
2022-05-08,35458.0,35499.93,33701.0,34027.91
2022-05-09,34033.49,34231.54,30010.0,30078.27
2022-05-10,30078.27,32645.49,29735.05,31002.39
2022-05-11,31002.39,32185.9,27682.38,28972.34
2022-05-12,28977.75,30091.2,25338.53,28941.95
2022-05-13,28941.95,30990.0,28662.7,29232.18
2022-05-14,29234.73,30287.58,28564.38,30041.88
2022-05-15,30041.9,31418.35,29436.06,31290.05
2022-05-16,31290.02,31293.31,29055.0,29839.89
2022-05-17,29839.89,30750.0,29415.01,30412.12
2022-05-18,30412.1,30675.92,28605.0,28672.94
2022-05-19,28671.5,30500.0,28645.2,30274.59
2022-05-20,30274.59,30729.83,28690.92,29155.75
2022-05-21,29155.74,29613.34,28913.26,29408.26
2022-05-22,29407.4,30457.9,29211.0,30260.87
2022-05-23,30258.04,30635.39,28847.72,29082.52
2022-05-24,29079.31,29802.0,28611.0,29626.44
2022-05-25,29627.61,30192.08,29296.12,29503.49
2022-05-26,29503.48,29850.0,28000.0,29166.06
2022-05-27,29166.06,29355.4,28220.0,28598.31
2022-05-28,28598.31,29239.52,28500.0,29008.99
2022-05-29,29008.99,29550.0,28809.84,29447.07
2022-05-30,29447.08,32232.16,29273.65,31711.42
2022-05-31,31716.67,32383.96,31195.9,31784.05
2022-06-01,31784.18,31964.56,29308.01,29788.79
2022-06-02,29789.19,30655.0,29558.61,30433.75
2022-06-03,30429.12,30674.95,29213.47,29670.85
2022-06-04,29672.77,29952.0,29454.14,29843.18
2022-06-05,29837.56,30158.44,29505.65,29901.54
2022-06-06,29899.62,31745.0,29866.44,31343.61
2022-06-07,31349.59,31549.21,29200.0,31106.9
2022-06-08,31111.0,31306.32,29829.98,30177.0
2022-06-09,30182.92,30679.72,29904.0,30079.62
2022-06-10,30079.59,30337.83,28821.15,29063.11
2022-06-11,29058.79,29411.11,28080.01,28388.63
2022-06-12,28395.03,28516.33,26532.95,26555.2
2022-06-13,26555.17,26869.35,21920.0,22460.97
2022-06-14,22460.97,23299.22,20816.4,22120.25
2022-06-15,22120.23,22769.12,20071.0,22562.33
2022-06-16,22562.33,22974.1,20200.0,20372.0
2022-06-17,20371.96,21338.7,20209.73,20447.86
2022-06-18,20447.86,20750.0,17567.45,18948.89
2022-06-19,18944.66,20795.11,17934.26,20552.44
2022-06-20,20552.39,21041.62,19603.8,20549.75
2022-06-21,20547.68,21711.0,20328.03,20696.96
2022-06-22,20699.63,20873.52,19751.51,19968.46
2022-06-23,19970.07,21211.97,19869.41,21104.45
2022-06-24,21104.45,21537.46,20712.54,21223.72
2022-06-25,21221.13,21594.5,20900.0,21478.04
2022-06-26,21474.14,21866.0,20944.68,21027.92
2022-06-27,21024.85,21520.0,20500.0,20725.17
2022-06-28,20722.95,21189.99,20164.7,20252.89
2022-06-29,20253.5,20410.91,19823.43,20094.79
2022-06-30,20098.0,20143.53,18603.0,19985.62
2022-07-01,19985.62,20879.99,18938.33,19252.76
2022-07-02,19252.76,19422.02,18955.02,19224.03
2022-07-03,19225.54,19622.33,18755.75,19291.33
2022-07-04,19291.35,20331.76,19029.33,20211.35
2022-07-05,20212.42,20734.89,19274.95,20153.51
2022-07-06,20153.74,20650.0,19743.0,20542.67
2022-07-07,20542.66,21855.72,20224.8,21614.6
2022-07-08,21618.04,22490.54,21172.0,21582.2
2022-07-09,21582.28,21959.3,21311.04,21583.99
2022-07-10,21582.23,21595.75,20636.53,20850.65
2022-07-11,20850.65,20854.32,19860.12,19942.43
2022-07-12,19942.44,20037.46,19226.47,19303.65
2022-07-13,19304.71,20330.71,18892.0,20220.23
2022-07-14,20219.69,20893.73,19607.14,20577.02
2022-07-15,20574.96,21196.37,20368.67,20827.55
2022-07-16,20823.06,21582.71,20475.94,21189.68
2022-07-17,21189.23,21667.1,20750.1,20791.74
2022-07-18,20791.74,22777.0,20755.95,22427.56
2022-07-19,22434.97,23800.0,21578.57,23395.06
2022-07-20,23398.46,24287.13,22899.0,23226.99
2022-07-21,23225.24,23434.65,22340.07,23153.96
2022-07-22,23152.76,23763.55,22505.56,22687.68
2022-07-23,22688.85,23006.16,21941.01,22450.69
2022-07-24,22451.36,23036.46,22263.85,22583.43
2022-07-25,22583.37,22665.74,21254.97,21313.41
2022-07-26,21312.06,21344.43,20715.0,21261.57
2022-07-27,21260.22,23110.73,21045.73,22962.59
2022-07-28,22960.74,24206.11,22580.86,23851.7
2022-07-29,23851.66,24450.0,23429.71,23784.5
2022-07-30,23787.84,24666.0,23516.11,23650.13
2022-07-31,23648.15,24192.18,23240.01,23307.44
2022-08-01,23307.44,23518.89,22850.0,23273.86
2022-08-02,23273.85,23464.97,22659.06,22989.4
2022-08-03,22994.78,23650.96,22694.56,22825.0
2022-08-04,22824.88,23234.29,22392.88,22623.94
2022-08-05,22624.44,23478.58,22589.83,23320.81
2022-08-06,23320.71,23357.19,22917.49,22960.93
2022-08-07,22960.86,23405.02,22852.13,23177.39
2022-08-08,23180.26,24251.08,23158.32,23815.65
2022-08-09,23815.68,23929.35,22871.66,23158.27
2022-08-10,23158.32,24224.67,22666.23,23962.18
2022-08-11,23959.3,24929.99,23862.66,23944.86
2022-08-12,23944.85,24463.01,23600.01,24415.18
2022-08-13,24415.08,24898.91,24302.36,24456.49
2022-08-14,24456.17,25054.1,24151.63,24316.71
2022-08-15,24316.58,25214.57,23777.0,24097.82
2022-08-16,24099.7,24253.98,23668.0,23857.93
2022-08-17,23857.89,24448.49,23180.14,23341.17
2022-08-18,23344.42,23600.0,23107.27,23189.46
2022-08-19,23188.94,23206.76,20782.39,20834.94
2022-08-20,20834.94,21372.93,20760.93,21139.23
2022-08-21,21139.22,21795.08,21067.33,21518.62
2022-08-22,21514.45,21540.0,20889.69,21398.25
2022-08-23,21396.37,21679.52,20889.69,21528.34
2022-08-24,21526.74,21925.0,21147.41,21367.12
2022-08-25,21367.12,21818.32,21307.32,21561.86
2022-08-26,21561.49,21878.05,20112.78,20240.72
2022-08-27,20240.63,20389.14,19800.0,20036.69
2022-08-28,20035.3,20164.26,19513.74,19554.03
2022-08-29,19552.31,20427.19,19545.57,20286.97
2022-08-30,20286.95,20582.64,19540.14,19813.17
2022-08-31,19813.97,20489.0,19799.97,20048.26
2022-09-01,20048.27,20205.53,19561.01,20133.65
2022-09-02,20132.67,20444.0,19755.0,19953.74
2022-09-03,19953.4,20053.9,19655.0,19835.47
2022-09-04,19833.59,20026.2,19588.27,20004.73
2022-09-05,20003.85,20060.0,19633.11,19794.58
2022-09-06,19794.59,20179.86,18663.25,18790.91
2022-09-07,18790.77,19466.09,18527.0,19293.52
2022-09-08,19293.03,19460.7,19014.43,19321.87
2022-09-09,19322.56,21616.21,19294.49,21364.5
2022-09-10,21366.61,21815.15,21127.1,21651.52
2022-09-11,21656.03,21865.66,21356.37,21831.72
2022-09-12,21830.16,22490.05,21555.0,22402.71
2022-09-13,22402.58,22800.0,19855.0,20174.78
2022-09-14,20174.78,20545.0,19625.0,20227.77
2022-09-15,20227.7,20336.42,19500.0,19703.67
2022-09-16,19703.65,19890.95,19305.0,19801.04
2022-09-17,19800.26,20183.14,19748.89,20113.37
2022-09-18,20113.37,20119.08,19335.57,19417.64
2022-09-19,19417.56,19689.62,18255.0,19540.38
2022-09-20,19538.31,19638.46,18722.0,18876.91
2022-09-21,18876.14,19949.97,18153.13,18462.64
2022-09-22,18462.66,19521.8,18358.63,19401.25
2022-09-23,19399.93,19500.0,18529.0,19286.01
2022-09-24,19286.03,19311.4,18808.13,18923.2
2022-09-25,18920.93,19184.3,18619.88,18808.61
2022-09-26,18806.3,19320.86,18681.02,19228.0
2022-09-27,19226.94,20383.15,18821.55,19077.57
2022-09-28,19077.56,19773.67,18487.0,19412.07
2022-09-29,19412.37,19646.66,18845.3,19595.57
2022-09-30,19595.59,20182.72,19154.38,19426.11
2022-10-01,19423.57,19486.43,19160.0,19315.27
2022-10-02,19315.26,19398.94,18923.81,19059.17
2022-10-03,19059.1,19717.67,18958.29,19633.46
2022-10-04,19632.43,20479.43,19495.32,20345.19
2022-10-05,20345.27,20371.15,19750.0,20161.62
2022-10-06,20162.15,20455.79,19855.19,19965.64
2022-10-07,19963.75,20065.26,19325.0,19533.05
2022-10-08,19531.68,19628.78,19250.0,19419.39
2022-10-09,19421.49,19563.28,19321.0,19443.47
2022-10-10,19442.7,19528.04,19028.08,19132.83
2022-10-11,19130.8,19265.69,18855.19,19058.11
2022-10-12,19058.42,19235.26,18971.51,19155.92
2022-10-13,19153.97,19509.23,18131.0,19378.65
2022-10-14,19375.55,19954.14,19076.83,19178.0
2022-10-15,19179.15,19229.12,18983.0,19070.24
2022-10-16,19070.62,19425.49,19065.23,19264.44
2022-10-17,19261.62,19679.46,19154.72,19550.4
2022-10-18,19550.39,19702.73,19091.77,19328.76
2022-10-19,19328.75,19361.0,19062.1,19124.18
2022-10-20,19123.77,19349.04,18905.0,19042.48
2022-10-21,19043.66,19254.52,18659.0,19166.45
2022-10-22,19164.92,19257.66,19110.46,19209.1
2022-10-23,19209.09,19698.1,19070.92,19572.44
2022-10-24,19572.2,19603.57,19159.35,19330.41
2022-10-25,19332.11,20420.88,19240.76,20086.28
2022-10-26,20086.27,21022.81,20055.85,20775.4
2022-10-27,20773.59,20878.17,20196.01,20296.97
2022-10-28,20295.77,20755.09,20000.0,20597.91
2022-10-29,20597.34,21080.0,20561.2,20823.53
2022-10-30,20822.38,20939.35,20523.92,20630.68
2022-10-31,20629.21,20837.68,20237.0,20489.94
2022-11-01,20489.55,20691.0,20326.55,20479.63
2022-11-02,20480.34,20805.0,20059.53,20151.4
2022-11-03,20151.29,20390.82,20032.02,20206.88
2022-11-04,20208.02,21298.76,20181.61,21144.2
2022-11-05,21149.03,21478.8,21082.54,21300.45
2022-11-06,21300.45,21365.89,20886.26,20909.17
2022-11-07,20908.15,21069.46,20394.34,20593.49
2022-11-08,20593.34,20675.0,17500.0,18550.25
2022-11-09,18546.07,18590.34,15512.0,15891.96
2022-11-10,15894.77,18140.62,15720.0,17553.89
2022-11-11,17555.44,17641.32,16336.05,17013.62
2022-11-12,17014.78,17067.7,16595.25,16783.33
2022-11-13,16783.32,16926.57,16214.95,16301.39
2022-11-14,16298.75,17169.68,15790.25,16590.73
2022-11-15,16588.41,17107.88,16502.85,16877.93
2022-11-16,16879.37,16994.31,16358.66,16645.24
2022-11-17,16646.58,16736.7,16396.0,16680.47
2022-11-18,16680.47,16984.08,16526.28,16680.59
2022-11-19,16678.85,16802.0,16534.83,16683.02
2022-11-20,16680.7,16733.19,16154.65,16252.53
2022-11-21,16252.43,16279.99,15460.0,15760.14
2022-11-22,15758.96,16294.5,15596.22,16199.71
2022-11-23,16201.15,16700.0,16142.99,16587.0
2022-11-24,16585.83,16797.28,16450.62,16587.61
2022-11-25,16587.6,16610.08,16333.0,16510.9
2022-11-26,16510.9,16693.18,16376.1,16450.93
2022-11-27,16450.32,16589.43,16395.0,16419.88
2022-11-28,16421.63,16478.32,15992.64,16206.3
2022-11-29,16206.23,16541.72,16092.53,16438.0
2022-11-30,16437.94,17259.37,16423.37,17167.33
2022-12-01,17165.44,17317.8,16855.0,16980.08
2022-12-02,16980.07,17108.25,16791.02,17094.71
2022-12-03,17094.25,17158.42,16863.58,16888.53
2022-12-04,16889.17,17199.99,16882.86,17108.9
2022-12-05,17108.9,17424.59,16865.22,16966.05
2022-12-06,16966.05,17111.35,16904.04,17089.05
2022-12-07,17089.18,17140.22,16679.52,16840.0
2022-12-08,16839.76,17300.59,16738.0,17226.01
2022-12-09,17226.03,17352.62,17060.69,17130.59
2022-12-10,17130.49,17227.64,17093.42,17128.1
2022-12-11,17128.1,17271.92,17073.19,17085.21
2022-12-12,17085.62,17244.63,16875.83,17211.66
2022-12-13,17212.9,17999.99,17089.17,17773.18
2022-12-14,17772.98,18385.36,17660.93,17804.97
2022-12-15,17805.36,17856.26,17275.02,17357.96
2022-12-16,17359.1,17525.0,16529.53,16632.64
2022-12-17,16634.29,16799.99,16585.64,16782.25
2022-12-18,16782.23,16875.0,16663.76,16741.16
2022-12-19,16742.33,16822.84,16273.4,16439.74
2022-12-20,16439.98,17060.86,16398.22,16897.65
2022-12-21,16896.17,16926.05,16725.78,16826.56
2022-12-22,16825.18,16868.82,16560.84,16815.51
2022-12-23,16815.28,16943.29,16719.57,16777.21
2022-12-24,16777.88,16863.62,16775.88,16837.12
2022-12-25,16837.24,16853.88,16720.89,16829.02
2022-12-26,16829.19,16939.81,16787.97,16917.96
2022-12-27,16916.66,16967.0,16585.97,16698.73
2022-12-28,16698.31,16777.35,16460.0,16539.66
2022-12-29,16539.66,16654.81,16479.5,16627.54
2022-12-30,16627.36,16649.99,16326.16,16600.1
2022-12-31,16599.98,16634.42,16462.49,16530.35
2023-01-01,16531.83,16621.0,16490.0,16611.58
2023-01-02,16611.9,16789.99,16542.52,16666.95
2023-01-03,16666.86,16772.3,16600.0,16669.47
2023-01-04,16668.95,16988.0,16645.87,16844.42
2023-01-05,16844.4,16872.13,16750.07,16825.69
2023-01-06,16825.53,17027.11,16670.82,16948.06
2023-01-07,16948.0,16977.76,16903.58,16942.37
2023-01-08,16942.37,17167.52,16910.41,17125.18
2023-01-09,17125.17,17396.25,17102.97,17177.98
2023-01-10,17177.94,17494.37,17145.1,17443.5
2023-01-11,17443.5,17998.0,17315.08,17944.27
2023-01-12,17944.15,19115.85,17904.83,18847.75
2023-01-13,18847.77,20000.0,18714.8,19934.88
2023-01-14,19934.07,21321.98,19893.25,20957.02
2023-01-15,20956.2,21057.3,20560.16,20879.7
2023-01-16,20879.67,21465.62,20611.45,21187.5
2023-01-17,21191.46,21595.0,20844.73,21136.33
2023-01-18,21135.01,21650.21,20370.01,20674.29
2023-01-19,20674.03,21197.0,20656.52,21084.22
2023-01-20,21084.05,22754.73,20865.64,22669.81
2023-01-21,22671.09,23375.6,22432.45,22789.37
2023-01-22,22789.34,23082.82,22298.15,22714.87
2023-01-23,22714.81,23180.55,22500.01,22920.29
2023-01-24,22920.67,23165.56,22460.17,22636.17
2023-01-25,22636.19,23824.66,22326.24,23062.36
2023-01-26,23062.36,23287.38,22853.61,23010.47
2023-01-27,23011.37,23511.9,22540.76,23084.4
2023-01-28,23084.38,23196.99,22884.0,23028.95
2023-01-29,23029.56,23966.0,22974.75,23745.8
2023-01-30,23744.34,23802.99,22500.0,22836.03
2023-01-31,22836.03,23313.23,22719.68,23128.86
2023-02-01,23127.15,23813.57,22760.0,23735.97
2023-02-02,23735.97,24262.18,23367.87,23493.84
2023-02-03,23497.29,23720.0,23208.01,23433.54
2023-02-04,23433.47,23589.67,23257.71,23328.87
2023-02-05,23329.47,23433.2,22758.01,22936.34
2023-02-06,22936.34,23163.05,22637.51,22764.07
2023-02-07,22763.42,23348.73,22748.11,23244.67
2023-02-08,23244.64,23451.01,22669.09,22964.38
2023-02-09,22963.91,23011.18,21700.0,21800.63
2023-02-10,21800.62,21942.41,21467.43,21628.97
2023-02-11,21628.97,21904.0,21605.35,21863.73
2023-02-12,21863.73,22091.88,21631.0,21789.8
2023-02-13,21789.79,21903.03,21366.45,21789.14
2023-02-14,21789.0,22331.76,21545.67,22206.27
2023-02-15,22206.26,24386.5,22054.17,24329.04
2023-02-16,24326.95,25256.83,23510.73,23516.15
2023-02-17,23516.95,25025.0,23344.12,24577.6
2023-02-18,24577.6,24879.33,24407.67,24636.23
2023-02-19,24635.85,25200.0,24192.7,24281.31
2023-02-20,24278.81,25128.11,23841.08,24844.97
2023-02-21,24844.21,25288.88,24153.96,24454.43
2023-02-22,24454.08,24480.0,23581.64,24184.44
2023-02-23,24184.9,24600.95,23612.59,23943.32
2023-02-24,23943.32,24132.67,22520.0,23186.88
2023-02-25,23186.88,23220.56,22716.47,23159.71
2023-02-26,23159.71,23689.77,23052.78,23556.83
2023-02-27,23556.83,23895.51,23109.06,23489.52
2023-02-28,23490.01,23597.98,23027.24,23145.32
2023-03-01,23144.37,23999.99,23025.17,23631.52
2023-03-02,23632.12,23798.62,23196.09,23468.24
2023-03-03,23468.79,23477.28,21988.02,22358.18
2023-03-04,22358.18,22409.82,22150.71,22350.95
2023-03-05,22349.74,22654.64,22195.13,22432.69
2023-03-06,22431.99,22599.99,22264.73,22410.31
2023-03-07,22410.13,22557.03,21932.74,22198.48
2023-03-08,22198.09,22281.55,21580.84,21698.37
2023-03-09,21699.41,21825.53,20050.0,20367.01
2023-03-10,20366.97,20369.78,19568.52,20230.08
2023-03-11,20230.07,20964.5,19900.5,20620.54
2023-03-12,20619.34,22276.69,20446.24,22219.08
2023-03-13,22216.02,24710.0,21882.63,24220.0
2023-03-14,24220.0,26553.9,24052.0,24762.65
2023-03-15,24761.61,25300.0,23931.01,24377.16
2023-03-16,24377.16,25235.28,24207.54,25051.85
2023-03-17,25052.11,27834.54,24946.86,27453.62
2023-03-18,27453.75,27780.0,26652.45,26980.35
2023-03-19,26980.35,28478.0,26904.0,28054.46
2023-03-20,28058.15,28578.63,27218.36,27823.32
2023-03-21,27822.85,28605.32,27414.77,28207.33
2023-03-22,28201.22,28937.73,26678.16,27325.15
2023-03-23,27324.05,28839.68,27189.19,28352.94
2023-03-24,28352.95,28433.34,27027.88,27489.24
2023-03-25,27489.24,27818.67,27184.78,27488.18
2023-03-26,27489.56,28230.32,27445.04,27992.9
2023-03-27,27995.27,28053.26,26525.0,27142.87
2023-03-28,27142.85,27519.99,26640.0,27274.15
2023-03-29,27274.18,28654.06,27255.42,28359.54
2023-03-30,28359.54,29190.04,27693.7,28035.48
2023-03-31,28034.88,28650.2,27512.97,28474.4
2023-04-01,28475.41,28826.45,28223.76,28471.46
2023-04-02,28471.03,28544.21,27862.69,28188.34
2023-04-03,28188.34,28525.0,27227.61,27811.77
2023-04-04,27809.55,28450.0,27670.24,28179.64
2023-04-05,28178.66,28799.99,27817.32,28175.37
2023-04-06,28175.27,28199.11,27716.77,28053.46
2023-04-07,28052.74,28120.71,27790.21,27931.94
2023-04-08,27930.12,28175.89,27881.01,27958.81
2023-04-09,27958.19,28547.67,27814.0,28340.99
2023-04-10,28342.28,29794.47,28162.49,29660.41
2023-04-11,29657.7,30584.58,29612.3,30227.19
2023-04-12,30227.18,30517.0,29675.0,29912.2
2023-04-13,29912.2,30627.05,29878.08,30406.78
2023-04-14,30410.03,31050.0,30000.0,30492.92
2023-04-15,30492.91,30622.38,30231.76,30324.11
2023-04-16,30325.07,30572.1,30148.28,30326.09
2023-04-17,30321.41,30340.21,29251.71,29449.91
2023-04-18,29449.91,30500.0,29103.89,30393.4
2023-04-19,30394.5,30430.72,28595.28,28809.72
2023-04-20,28809.71,29102.69,27991.32,28248.18
2023-04-21,28248.18,28371.88,27133.0,27253.85
2023-04-22,27252.96,27887.78,27133.0,27821.41
2023-04-23,27820.99,27820.99,27333.2,27592.98
2023-04-24,27592.7,28000.0,26965.14,27515.05
2023-04-25,27513.85,28400.0,27194.51,28304.42
2023-04-26,28304.42,30050.66,27230.77,28426.08
2023-04-27,28428.86,29900.0,28387.07,29483.72
2023-04-28,29486.97,29606.45,28900.0,29338.63
2023-04-29,29339.47,29470.0,29057.3,29249.35
2023-04-30,29249.24,29969.99,29095.92,29247.14
2023-05-01,29240.49,29348.6,27664.31,28077.27
2023-05-02,28077.44,28899.99,27871.44,28684.4
2023-05-03,28683.41,29276.12,28122.0,29038.75
2023-05-04,29039.36,29383.5,28674.58,28857.23
2023-05-05,28857.88,29706.57,28810.0,29536.76
2023-05-06,29538.87,29850.0,28394.0,28902.66
2023-05-07,28901.3,29189.71,28429.12,28474.53
2023-05-08,28472.68,28676.38,27279.66,27695.06
2023-05-09,27693.24,27833.64,27367.01,27647.29
2023-05-10,27647.29,28334.75,26800.0,27624.01
2023-05-11,27621.5,27649.85,26702.0,26986.56
2023-05-12,26986.79,27099.21,25810.0,26808.84
2023-05-13,26808.8,27060.24,26700.0,26789.48
2023-05-14,26786.99,27221.51,26581.52,26929.98
2023-05-15,26929.98,27678.73,26740.95,27171.13
2023-05-16,27165.26,27302.99,26860.12,27037.68
2023-05-17,27037.72,27516.58,26543.87,27407.77
2023-05-18,27407.76,27487.71,26361.52,26820.49
2023-05-19,26819.64,27190.35,26632.73,26890.27
2023-05-20,26890.27,27178.99,26836.21,27113.61
2023-05-21,27113.97,27288.02,26667.63,26752.65
2023-05-22,26751.0,27105.63,26536.99,26854.73
2023-05-23,26854.09,27500.0,26803.46,27223.22
2023-05-24,27222.86,27225.0,26070.04,26321.4
2023-05-25,26321.42,26625.93,25864.35,26479.06
2023-05-26,26479.15,26950.0,26334.33,26714.86
2023-05-27,26711.56,26943.6,26559.96,26867.99
2023-05-28,26870.13,28277.56,26780.11,28070.04
2023-05-29,28070.04,28473.93,27534.81,27744.82
2023-05-30,27744.81,28057.23,27555.0,27700.15
2023-05-31,27700.68,27844.89,26842.94,27223.08
2023-06-01,27221.54,27360.31,26615.0,26828.42
2023-06-02,26827.73,27307.44,26508.0,27250.69
2023-06-03,27252.67,27341.13,26923.35,27077.6
2023-06-04,27078.27,27466.83,26958.98,27122.04
2023-06-05,27122.03,27137.75,25391.43,25741.5
2023-06-06,25741.5,27368.67,25351.92,27243.63
2023-06-07,27243.45,27402.79,26121.06,26346.41
2023-06-08,26347.09,26820.3,26212.63,26508.32
2023-06-09,26505.71,26780.4,26283.5,26482.81
2023-06-10,26482.8,26534.95,25385.52,25856.1
2023-06-11,25856.1,26219.1,25648.0,25937.02
2023-06-12,25936.98,26108.64,25616.98,25905.82
2023-06-13,25905.99,26435.81,25710.78,25930.23
2023-06-14,25929.35,26090.0,24821.0,25123.34
2023-06-15,25123.41,25749.99,24750.0,25569.99
2023-06-16,25569.99,26486.56,25143.24,26329.6
2023-06-17,26329.6,26783.2,26165.98,26506.56
2023-06-18,26507.97,26693.11,26245.27,26336.46
2023-06-19,26336.46,27040.64,26250.0,26837.78
2023-06-20,26839.04,28417.11,26637.41,28320.43
2023-06-21,28320.41,30800.0,28271.67,29995.08
2023-06-22,29999.85,30513.25,29539.57,29886.31
2023-06-23,29886.25,31443.67,29802.65,30707.61
2023-06-24,30709.59,30815.92,30265.88,30547.18
2023-06-25,30547.3,31057.86,30288.33,30480.24
2023-06-26,30480.24,30662.66,29900.0,30272.18
2023-06-27,30272.24,31020.54,30228.44,30697.38
2023-06-28,30696.06,30716.93,29840.0,30074.94
2023-06-29,30074.93,30838.0,30036.18,30446.47
2023-06-30,30445.67,31277.0,29417.14,30466.72
2023-07-01,30466.73,30659.33,30312.8,30587.21
2023-07-02,30587.22,30791.75,30165.39,30613.51
2023-07-03,30613.57,31399.08,30569.0,31161.8
2023-07-04,31162.71,31333.0,30628.3,30771.25
2023-07-05,30772.93,30882.95,30189.56,30499.27
2023-07-06,30499.27,31525.1,29850.0,29899.38
2023-07-07,29895.6,30456.0,29715.87,30352.08
2023-07-08,30350.35,30388.91,30047.78,30291.69
2023-07-09,30291.69,30451.78,30066.95,30168.38
2023-07-10,30168.26,31055.75,29955.0,30419.89
2023-07-11,30419.89,30811.65,30304.45,30626.55
2023-07-12,30624.65,31000.0,30200.0,30381.81
2023-07-13,30383.26,31862.21,30250.73,31471.83
2023-07-14,31471.83,31645.66,29920.31,30330.52
2023-07-15,30330.93,30406.27,30254.67,30301.65
2023-07-16,30302.01,30457.03,30075.93,30247.64
2023-07-17,30247.56,30345.45,29668.58,30143.08
2023-07-18,30143.08,30249.3,29525.0,29861.93
2023-07-19,29861.92,30196.24,29757.44,29916.72
2023-07-20,29916.69,30421.29,29564.19,29809.13
2023-07-21,29809.13,30060.28,29729.48,29907.98
2023-07-22,29907.15,30002.38,29626.86,29795.03
2023-07-23,29793.62,30350.7,29733.55,30081.61
2023-07-24,30081.61,30099.99,28850.0,29176.98
2023-07-25,29176.98,29376.51,29046.0,29225.14
2023-07-26,29225.11,29686.41,29089.54,29353.23
2023-07-27,29350.88,29571.42,29075.0,29214.92
2023-07-28,29214.93,29532.45,29115.32,29316.15
2023-07-29,29316.05,29411.09,29253.44,29355.71
2023-07-30,29356.65,29450.0,29033.0,29281.39
2023-07-31,29280.41,29526.99,29102.65,29230.67
2023-08-01,29230.61,29726.73,28477.0,29697.27
2023-08-02,29699.25,30033.0,28903.79,29164.22
2023-08-03,29163.87,29399.97,28938.93,29174.18
2023-08-04,29174.84,29312.28,28747.1,29076.48
2023-08-05,29077.04,29111.87,28946.17,29047.12
2023-08-06,29047.33,29163.24,28955.0,29040.01
2023-08-07,29040.01,29246.0,28660.53,29179.21
2023-08-08,29179.28,30222.0,29104.65,29770.01
2023-08-09,29770.01,30128.88,29344.16,29562.76
2023-08-10,29562.76,29709.38,29306.0,29424.03
2023-08-11,29424.04,29534.14,29213.59,29400.45
2023-08-12,29400.45,29477.31,29349.98,29416.96
2023-08-13,29417.19,29447.6,29247.15,29275.94
2023-08-14,29275.78,29665.27,29072.96,29405.49
2023-08-15,29405.49,29464.62,29046.58,29170.14
2023-08-16,29170.13,29231.92,28690.37,28700.51
2023-08-17,28700.51,28751.84,25234.76,26627.57
2023-08-18,26627.21,26834.37,25610.0,26048.89
2023-08-19,26048.9,26269.11,25793.11,26096.42
2023-08-20,26096.4,26296.78,25975.01,26189.14
2023-08-21,26189.36,26260.25,25814.0,26125.18
2023-08-22,26125.16,26137.99,25350.0,26042.11
2023-08-23,26041.94,26818.28,25796.47,26427.54
2023-08-24,26427.73,26567.38,25850.0,26163.49
2023-08-25,26163.49,26294.53,25750.0,26049.39
2023-08-26,26049.4,26115.44,25971.44,26009.61
2023-08-27,26009.62,26171.87,25961.81,26091.16
2023-08-28,26091.16,26232.88,25850.0,26101.04
2023-08-29,26101.03,28184.89,25903.18,27717.98
2023-08-30,27717.15,27775.0,27015.75,27306.06
2023-08-31,27306.06,27576.99,25660.61,25932.45
2023-09-01,25931.51,26142.28,25307.37,25794.88
2023-09-02,25795.61,25982.48,25707.3,25867.83
2023-09-03,25867.82,26123.0,25792.29,25969.83
2023-09-04,25969.83,26093.07,25627.0,25816.13
2023-09-05,25816.14,25884.04,25551.36,25783.91
2023-09-06,25782.49,26025.78,25358.0,25747.63
2023-09-07,25747.63,26440.55,25595.8,26276.3
2023-09-08,26276.38,26460.41,25640.1,25906.34
2023-09-09,25906.33,25942.69,25791.45,25897.82
2023-09-10,25897.82,26023.89,25578.01,25831.76
2023-09-11,25831.77,25891.6,24900.0,25152.14
2023-09-12,25152.13,26556.91,25120.76,25840.61
2023-09-13,25839.95,26413.59,25763.43,26226.65
2023-09-14,26227.16,26869.06,26128.25,26532.76
2023-09-15,26532.5,26892.65,26213.96,26602.42
2023-09-16,26601.71,26777.0,26453.32,26569.69
2023-09-17,26569.69,26626.49,26405.04,26530.95
2023-09-18,26530.96,27427.34,26382.13,26764.49
2023-09-19,26764.03,27500.0,26666.93,27216.13
2023-09-20,27216.52,27393.78,26798.98,27123.94
2023-09-21,27122.65,27163.48,26359.7,26564.54
2023-09-22,26564.54,26742.86,26467.94,26578.4
2023-09-23,26578.4,26638.58,26513.0,26579.6
2023-09-24,26579.59,26731.1,26118.86,26250.24
2023-09-25,26248.17,26444.95,25983.78,26296.08
2023-09-26,26296.07,26397.59,26080.0,26208.44
2023-09-27,26208.43,26830.0,26088.37,26357.62
2023-09-28,26357.56,27313.86,26321.37,27027.14
2023-09-29,27027.44,27238.9,26661.71,26907.0
2023-09-30,26905.57,27097.25,26884.86,26961.0
2023-10-01,26961.0,28062.62,26955.25,27995.46
2023-10-02,27995.46,28613.37,27302.3,27504.04
2023-10-03,27504.03,27672.12,27160.47,27428.96
2023-10-04,27428.96,27842.38,27208.65,27786.75
2023-10-05,27786.12,28140.0,27358.05,27412.96
2023-10-06,27413.15,28288.88,27173.41,27945.17
2023-10-07,27945.17,28040.84,27861.2,27976.43
2023-10-08,27976.44,28109.94,27708.6,27933.55
2023-10-09,27933.54,28003.7,27268.63,27596.67
2023-10-10,27596.67,27739.94,27291.81,27393.29
2023-10-11,27393.28,27478.61,26521.32,26869.19
2023-10-12,26867.97,26939.55,26537.72,26750.51
2023-10-13,26752.06,27122.24,26662.62,26863.53
2023-10-14,26863.54,26988.12,26797.0,26851.71
2023-10-15,26851.71,27301.37,26806.06,27186.13
2023-10-16,27186.13,30000.0,27135.92,28520.24
2023-10-17,28520.24,28637.21,28083.19,28408.83
2023-10-18,28408.51,28999.98,28151.6,28326.51
2023-10-19,28326.24,28938.96,28122.57,28735.34
2023-10-20,28734.51,30248.0,28591.85,29684.73
2023-10-21,29684.73,30369.0,29475.06,29924.84
2023-10-22,29925.91,30275.0,29670.0,30004.15
2023-10-23,30004.14,35000.0,29890.89,33087.58
2023-10-24,33079.72,35157.23,32851.45,33922.52
2023-10-25,33921.66,35144.0,33690.91,34506.35
2023-10-26,34504.33,34843.04,33735.86,34154.71
2023-10-27,34153.35,34249.99,33400.0,33906.09
2023-10-28,33905.96,34500.0,33867.38,34085.42
2023-10-29,34085.42,34763.0,33937.31,34534.48
2023-10-30,34534.48,34871.0,34077.9,34493.79
2023-10-31,34493.51,34732.18,34038.79,34656.4
2023-11-01,34656.38,35647.19,34079.46,35440.1
2023-11-02,35440.1,35997.8,34311.73,34950.0
2023-11-03,34947.92,34954.6,34100.0,34731.27
2023-11-04,34730.32,35278.4,34599.85,35087.01
2023-11-05,35087.43,35410.0,34500.0,35035.42
2023-11-06,35035.79,35294.12,34753.66,35059.46
2023-11-07,35059.46,35963.0,34530.67,35416.28
2023-11-08,35416.63,36113.59,35103.14,35639.13
2023-11-09,35639.13,37999.0,35555.16,36706.59
2023-11-10,36704.01,37548.8,36334.46,37324.83
2023-11-11,37324.84,37424.03,36701.5,37139.12
2023-11-12,37139.94,37247.0,36740.9,37086.03
2023-11-13,37086.5,37442.48,36351.0,36475.67
2023-11-14,36475.68,36756.16,34758.64,35554.09
2023-11-15,35554.1,37987.0,35358.45,37885.35
2023-11-16,37885.35,37958.75,35511.11,36161.15
2023-11-17,36161.15,36831.99,35869.0,36630.38
2023-11-18,36631.56,36857.15,36205.89,36594.89
2023-11-19,36596.14,37546.62,36404.52,37391.19
2023-11-20,37389.06,37784.07,36720.0,37475.64
2023-11-21,37472.76,37675.77,35744.9,35751.89
2023-11-22,35755.33,37875.0,35633.0,37424.31
2023-11-23,37424.31,37653.67,36888.0,37304.05
2023-11-24,37304.04,38454.0,37257.56,37745.84
2023-11-25,37746.29,37920.27,37615.91,37805.99
2023-11-26,37806.84,37842.17,37156.72,37462.79
2023-11-27,37462.01,37578.42,36715.1,37241.63
2023-11-28,37241.64,38425.96,36873.55,37838.26
2023-11-29,37838.26,38480.0,37581.93,37863.84
2023-11-30,37864.79,38152.18,37500.0,37732.27
2023-12-01,37732.27,39000.0,37618.25,38703.54
2023-12-02,38706.55,39740.0,38660.03,39478.95
2023-12-03,39467.42,40221.22,39293.02,39984.81
2023-12-04,39984.81,42410.46,39983.6,41987.24
2023-12-05,41985.53,45000.0,41384.03,44084.39
2023-12-06,44086.33,44290.37,43369.0,43764.05
2023-12-07,43766.41,44057.23,42846.53,43280.95
2023-12-08,43281.11,44754.99,43087.17,44192.87
2023-12-09,44192.86,44384.68,43586.14,43723.25
2023-12-10,43722.84,44049.51,43562.06,43793.68
2023-12-11,43793.67,43811.81,40150.0,41229.61
2023-12-12,41229.61,42088.56,40636.51,41477.39
2023-12-13,41477.6,43475.0,40553.15,42885.54
2023-12-14,42887.39,43442.15,41426.76,43027.77
2023-12-15,43027.77,43095.71,41640.51,41933.89
2023-12-16,41934.84,42680.2,41626.66,42237.29
2023-12-17,42235.23,42367.82,41222.0,41349.59
2023-12-18,41349.59,42754.79,40508.01,42650.01
2023-12-19,42650.01,43461.86,41780.0,42266.22
2023-12-20,42266.25,44324.86,42184.48,43674.77
2023-12-21,43673.11,44250.0,43295.78,43875.32
2023-12-22,43875.56,44424.36,43412.82,44013.73
2023-12-23,44013.65,44033.84,43333.35,43726.35
2023-12-24,43728.36,43985.67,42614.17,43025.03
2023-12-25,43025.02,43818.29,42755.35,43589.67
2023-12-26,43589.67,43605.0,41600.67,42515.53
2023-12-27,42521.21,43709.98,42111.47,43474.4
2023-12-28,43469.06,43830.34,42265.08,42581.23
2023-12-29,42581.23,43137.1,41300.0,42063.45
2023-12-30,42064.22,42593.73,41518.19,42141.03
2023-12-31,42139.32,42850.0,41964.68,42288.06
2024-01-01,42288.58,44240.8,42175.65,44220.78
2024-01-02,44220.78,45925.82,44195.13,44972.8
2024-01-03,44972.81,45519.32,40625.68,42862.44
2024-01-04,42860.58,44800.0,42650.0,44193.29
2024-01-05,44198.35,44443.37,42450.0,44186.59
2024-01-06,44187.76,44260.95,43436.5,43992.44
2024-01-07,43992.79,44510.01,43629.7,43950.28
2024-01-08,43954.52,47330.0,43200.44,46995.1
2024-01-09,46995.09,47901.0,44701.54,46124.08
2024-01-10,46120.79,47732.5,44320.01,46666.11
2024-01-11,46678.54,49102.29,45555.55,46342.66
2024-01-12,46344.96,46522.2,41444.97,42773.03
2024-01-13,42775.1,43250.0,42427.0,42839.33
2024-01-14,42839.32,43064.13,41680.73,41697.33
2024-01-15,41698.13,43331.91,41680.0,42490.16
2024-01-16,42481.69,43569.23,42028.02,43130.45
2024-01-17,43130.35,43185.47,42160.0,42739.49
2024-01-18,42737.68,42877.22,40600.05,41293.5
2024-01-19,41290.57,42159.52,40236.49,41624.07
2024-01-20,41623.94,41846.15,41418.55,41666.67
2024-01-21,41666.67,41858.59,41472.49,41554.05
2024-01-22,41553.92,41658.0,39372.44,39524.27
2024-01-23,39524.27,40144.49,38501.0,39878.3
2024-01-24,39878.28,40527.26,39382.15,40077.78
2024-01-25,40079.87,40282.87,39503.0,39941.66
2024-01-26,39941.66,42243.14,39805.95,41814.8
2024-01-27,41814.96,42199.99,41383.94,42126.55
2024-01-28,42126.55,42839.07,41617.53,42034.59
2024-01-29,42034.57,43326.77,41787.35,43306.18
2024-01-30,43303.3,43872.99,42680.2,42942.78
2024-01-31,42937.72,43741.94,42265.77,42548.08
2024-02-01,42545.47,43276.19,41846.04,43078.81
2024-02-02,43080.38,43700.0,42527.58,43181.66
2024-02-03,43183.62,43358.13,42863.58,43010.67
2024-02-04,43007.82,43100.0,42228.01,42568.55
2024-02-05,42571.91,43520.0,42235.0,42657.67
2024-02-06,42658.3,43372.79,42516.07,43095.79
2024-02-07,43097.16,44430.0,42760.44,44343.61
2024-02-08,44345.94,45637.38,44335.0,45305.2
2024-02-09,45304.83,48230.02,45252.93,47160.41
2024-02-10,47157.01,48179.43,46889.53,47767.06
2024-02-11,47767.06,48614.0,47590.3,48316.3
2024-02-12,48321.14,50363.42,47715.67,49941.81
2024-02-13,49941.95,50423.42,48327.81,49725.36
2024-02-14,49724.55,52111.0,49253.92,51858.59
2024-02-15,51858.51,52890.0,51353.49,51934.29
2024-02-16,51935.23,52608.2,51597.87,52162.64
2024-02-17,52162.65,52214.05,50642.36,51666.22
2024-02-18,51666.23,52400.0,51174.38,52153.63
2024-02-19,52153.63,52501.01,51687.98,51787.05
2024-02-20,51787.05,53000.0,50764.01,52277.52
2024-02-21,52277.53,52394.91,50628.6,51851.67
2024-02-22,51851.46,52076.0,50905.65,51258.7
2024-02-23,51260.29,51512.68,50513.01,50747.05
2024-02-24,50746.98,51696.19,50576.55,51570.65
2024-02-25,51568.63,51967.82,51275.01,51731.0
2024-02-26,51730.96,54980.0,50901.23,54533.48
2024-02-27,54530.32,57646.81,54490.8,57077.07
2024-02-28,57077.08,64100.0,56723.48,62518.9
2024-02-29,62520.06,63675.48,60355.61,61179.03
2024-03-01,61179.03,63267.18,60788.33,62436.72
2024-03-02,62439.74,62500.0,61623.39,62045.78
2024-03-03,62045.78,63260.0,61388.0,63154.49
2024-03-04,63155.74,68602.98,62300.0,68360.14
2024-03-05,68356.7,69324.58,59224.68,63800.78
2024-03-06,63802.15,67654.06,62832.39,66122.28
2024-03-07,66115.48,68098.09,65599.63,66938.21
2024-03-08,66938.21,70199.0,66157.09,68289.16
2024-03-09,68289.16,68700.41,68047.62,68480.0
2024-03-10,68480.01,70000.0,68221.13,69032.12
2024-03-11,69032.8,72943.98,67112.21,72110.98
2024-03-12,72110.98,73027.63,68603.0,71475.93
2024-03-13,71473.43,73709.99,71337.3,73135.04
2024-03-14,73135.04,73835.57,68454.47,71364.58
2024-03-15,71364.58,72414.96,65565.7,69506.88
2024-03-16,69514.87,70050.0,64774.05,65254.22
2024-03-17,65254.22,68877.82,64505.0,68343.64
2024-03-18,68354.29,68933.71,66562.65,67613.04
2024-03-19,67609.39,68136.39,61506.0,61906.27
2024-03-20,61902.57,68150.0,60771.14,67858.8
2024-03-21,67855.88,68234.56,64525.0,65484.7
2024-03-22,65478.98,66651.1,62258.36,63814.56
2024-03-23,63814.56,66029.09,63013.19,63998.86
2024-03-24,63998.87,67637.6,63785.57,67204.93
2024-03-25,67212.69,71269.92,66381.84,69890.28
2024-03-26,69895.6,71582.96,69269.69,69992.4
2024-03-27,69994.9,71789.85,68369.62,69435.96
2024-03-28,69437.16,71635.99,68841.01,70801.18
2024-03-29,70804.06,70941.7,69036.95,69903.75
2024-03-30,69903.74,70363.25,69569.03,69626.87
2024-03-31,69623.86,71399.91,69587.86,71288.9
2024-04-01,71291.5,71313.8,68055.15,69681.82
2024-04-02,69681.85,69711.0,64521.61,65464.14
2024-04-03,65472.0,66944.06,64500.0,65987.92
2024-04-04,65984.18,69367.19,65073.95,68525.23
2024-04-05,68528.69,68783.99,66000.0,67856.51
2024-04-06,67856.51,69685.0,67469.19,68919.89
2024-04-07,68919.57,70312.0,68846.23,69350.34
2024-04-08,69350.36,72777.0,69037.33,71622.53
2024-04-09,71616.31,71761.37,68200.0,69117.01
2024-04-10,69115.79,71159.6,67463.07,70634.04
2024-04-11,70638.4,71305.86,69530.0,70020.73
2024-04-12,70020.71,71265.74,65110.31,67148.61
2024-04-13,67148.62,69100.0,60822.01,64024.77
2024-04-14,64021.36,65890.91,62150.0,65777.05
2024-04-15,65764.56,66928.82,62315.08,63452.18
2024-04-16,63452.18,64400.0,61645.09,63814.94
2024-04-17,63814.94,64524.14,59648.33,61279.36
2024-04-18,61275.73,64210.0,60816.07,63513.85
2024-04-19,63514.84,65498.99,59573.32,63848.37
2024-04-20,63841.96,65463.08,63121.15,64968.87
2024-04-21,64960.82,65725.81,64250.0,64952.92
2024-04-22,64952.92,67272.73,64520.0,66859.17
2024-04-23,66856.07,67225.66,65823.66,66414.16
2024-04-24,66418.0,67077.97,63542.56,64255.78
2024-04-25,64255.77,65287.69,62747.18,64484.44
2024-04-26,64484.44,64810.0,63287.76,63742.39
2024-04-27,63742.39,63900.0,62389.0,63422.0
2024-04-28,63422.34,64333.33,62743.81,63108.94
2024-04-29,63109.76,64200.0,61741.01,63844.85
2024-04-30,63845.01,64727.81,59040.3,60622.1
2024-05-01,60621.2,60785.49,56500.0,58265.59
2024-05-02,58267.81,59641.03,56903.79,59071.89
2024-05-03,59070.3,63365.72,58821.05,62913.03
2024-05-04,62913.03,64546.0,62565.82,63902.88
2024-05-05,63902.88,64636.75,62908.34,64023.45
2024-05-06,64023.45,65523.44,62704.48,63162.24
2024-05-07,63161.35,64415.06,62252.64,62315.76
2024-05-08,62315.75,63013.05,60851.04,61169.53
2024-05-09,61169.53,63424.14,60601.6,63073.57
2024-05-10,63073.55,63470.0,60150.0,60787.47
2024-05-11,60787.99,61482.0,60450.13,60814.63
2024-05-12,60814.64,61843.45,60576.05,61453.02
2024-05-13,61453.01,63456.18,60738.51,62932.37
2024-05-14,62927.44,63103.02,61024.51,61539.84
2024-05-15,61539.7,66480.0,61299.57,66244.69
2024-05-16,66244.68,66772.83,64588.5,65252.18
2024-05-17,65252.17,67500.0,65113.46,67046.33
2024-05-18,67046.34,67407.79,66624.06,66923.87
2024-05-19,66923.87,67701.91,65852.02,66261.62
2024-05-20,66260.04,71560.9,66057.03,71432.17
2024-05-21,71432.16,71980.0,69146.01,70142.84
2024-05-22,70142.88,70659.99,68887.52,69109.93
2024-05-23,69109.93,70066.95,66259.0,67940.45
2024-05-24,67932.79,69278.75,66587.91,68547.8
2024-05-25,68545.52,69605.03,68487.44,69289.67
2024-05-26,69289.69,69522.0,68097.38,68473.72
2024-05-27,68470.8,70613.39,68210.12,69368.72
2024-05-28,69366.31,69533.96,67194.59,68321.98
2024-05-29,68321.99,68864.11,67081.66,67569.45
2024-05-30,67569.44,69536.89,67092.91,68338.58
2024-05-31,68338.58,69024.71,66584.47,67472.41
2024-06-01,67473.07,67837.33,67371.28,67719.29
2024-06-02,67719.29,68411.0,67260.0,67735.52
2024-06-03,67731.14,70295.78,67568.0,68791.0
2024-06-04,68791.04,71108.9,68542.37,70542.32
2024-06-05,70541.68,71804.13,70356.49,71121.11
2024-06-06,71120.65,71650.56,70093.98,70773.64
2024-06-07,70773.63,71974.04,68298.55,69324.53
2024-06-08,69326.71,69546.58,69126.22,69304.05
2024-06-09,69303.8,69848.94,69123.99,69637.87
2024-06-10,69641.08,70187.53,69141.51,69497.73
2024-06-11,69495.97,69547.82,66018.69,67316.53
2024-06-12,67316.52,70032.0,66883.32,68248.6
2024-06-13,68248.59,68474.49,66200.0,66738.85
2024-06-14,66746.46,67322.72,65005.0,66004.39
2024-06-15,66004.36,66428.57,65800.86,66192.0
2024-06-16,66192.0,66931.18,65999.0,66628.75
2024-06-17,66629.38,67274.96,65050.0,66481.81
2024-06-18,66481.81,66574.33,64010.01,65152.8
2024-06-19,65150.9,65709.26,64635.48,64943.79
2024-06-20,64945.67,66455.52,64500.0,64840.88
2024-06-21,64840.89,65017.1,63300.93,64120.28
2024-06-22,64120.28,64523.91,63910.01,64235.01
2024-06-23,64235.0,64499.95,63125.75,63171.43
2024-06-24,63169.36,63343.91,58414.28,60263.0
2024-06-25,60262.16,62400.0,60217.36,61789.71
2024-06-26,61794.47,62470.0,60656.8,60816.68
2024-06-27,60818.86,62346.16,60546.94,61615.39
2024-06-28,61611.43,62170.62,59868.0,60313.35
2024-06-29,60312.36,61122.66,60273.8,60885.67
2024-06-30,60884.44,62942.67,60611.01,62668.26
2024-07-01,62669.14,63801.26,62448.46,62830.13
2024-07-02,62830.94,63223.57,61000.0,62040.22
2024-07-03,62039.44,62197.01,59332.76,60145.01
2024-07-04,60145.01,60429.27,56709.73,57042.14
2024-07-05,57036.45,57515.6,53499.9,56639.43
2024-07-06,56634.53,58481.97,56020.32,58244.75
2024-07-07,58240.36,58448.89,55717.23,55854.09
2024-07-08,55852.61,58200.0,54278.93,56699.43
2024-07-09,56701.18,58295.31,56276.37,58047.86
2024-07-10,58047.86,59481.93,57157.28,57712.59
2024-07-11,57713.4,59533.06,57036.41,57340.77
2024-07-12,57343.66,58550.0,56538.33,57909.03
2024-07-13,57908.61,59875.0,57770.92,59224.58
2024-07-14,59224.58,61428.67,59209.2,60808.42
2024-07-15,60804.97,64943.61,60666.59,64757.16
2024-07-16,64757.16,65405.89,62410.33,65088.99
2024-07-17,65086.55,66139.0,63853.99,64085.81
2024-07-18,64085.82,65130.88,63222.6,63982.86
2024-07-19,63977.64,67504.22,63289.15,66707.61
2024-07-20,66707.61,67635.0,66271.0,67163.83
2024-07-21,67163.82,68380.0,65820.18,68181.28
2024-07-22,68181.16,68495.0,66569.42,67558.22
2024-07-23,67560.03,67786.84,65444.3,65939.24
2024-07-24,65939.24,67131.17,65090.61,65366.4
2024-07-25,65358.86,66161.98,63412.46,65795.42
2024-07-26,65795.52,68216.66,65705.6,67924.08
2024-07-27,67921.46,69418.15,66635.28,67899.41
2024-07-28,67901.81,68308.82,67021.8,68244.3
2024-07-29,68244.3,70000.0,66400.01,66771.45
2024-07-30,66767.14,66994.15,65283.68,66169.68
2024-07-31,66169.68,66837.4,64500.0,64609.62
2024-08-01,64609.61,65593.56,62212.81,65288.18
2024-08-02,65293.48,65557.86,61150.0,61418.06
2024-08-03,61418.06,62171.58,59819.13,60674.93
2024-08-04,60674.93,61082.3,57123.0,58130.95
2024-08-05,58131.31,58282.83,49050.01,54029.12
2024-08-06,54037.9,57091.16,53965.57,56048.08
2024-08-07,56048.07,57757.15,54564.15,55148.1
2024-08-08,55144.14,62755.24,54737.32,61705.58
2024-08-09,61704.05,61764.38,59552.46,60862.13
2024-08-10,60864.71,61500.0,60255.61,60935.02
2024-08-11,60935.01,61868.69,58312.63,58722.49
2024-08-12,58717.44,60721.77,57653.31,59358.78
2024-08-13,59358.78,61615.43,58402.01,60603.19
2024-08-14,60603.19,61827.2,58453.56,58690.62
2024-08-15,58690.62,59883.49,56120.0,57543.61
2024-08-16,57543.57,59871.61,57096.56,58888.99
2024-08-17,58888.99,59711.02,58803.45,59497.49
2024-08-18,59497.49,60284.99,58422.0,58437.9
2024-08-19,58436.2,59639.81,57820.0,59452.67
2024-08-20,59455.81,61457.03,58571.96,59017.59
2024-08-21,59017.59,61849.98,58793.89,61163.28
2024-08-22,61167.54,61430.48,59750.0,60383.29
2024-08-23,60383.28,64987.0,60343.2,64086.72
2024-08-24,64091.63,64529.78,63564.22,64179.63
2024-08-25,64179.63,65050.08,63793.74,64251.93
2024-08-26,64250.01,64509.36,62806.8,62840.0
2024-08-27,62840.09,63226.26,58025.49,59439.64
2024-08-28,59437.68,60236.98,57851.62,59045.88
2024-08-29,59047.94,61194.09,58729.39,59364.47
2024-08-30,59353.12,59929.63,57700.0,59112.77
2024-08-31,59117.59,59446.99,58739.31,58968.37
2024-09-01,58968.37,59070.55,57200.0,57299.0
2024-09-02,57291.21,59423.0,57119.01,59139.83
2024-09-03,59138.89,59825.7,57394.49,57468.84
2024-09-04,57460.5,58531.25,55555.0,57971.0
2024-09-05,57971.0,58326.12,55628.04,56156.82
2024-09-06,56156.82,56995.0,52530.0,53950.01
2024-09-07,53950.0,54847.0,53733.1,54156.33
2024-09-08,54159.6,55315.95,53623.95,54881.11
2024-09-09,54881.1,58119.97,54565.56,57053.9
2024-09-10,57047.82,58050.35,56377.76,57645.59
2024-09-11,57641.15,58014.35,55534.41,57352.79
2024-09-12,57352.92,58600.0,57311.15,58137.54
2024-09-13,58137.33,60670.0,57630.01,60543.35
2024-09-14,60543.35,60660.0,59436.8,60012.35
2024-09-15,60012.34,60402.34,58695.75,59122.33
2024-09-16,59122.7,59214.15,57477.0,58208.75
2024-09-17,58209.76,61373.41,57620.27,60312.6
2024-09-18,60317.38,61800.0,59174.5,61769.18
2024-09-19,61770.38,63891.82,61569.16,62960.14
2024-09-20,62956.04,64140.67,62340.0,63210.69
2024-09-21,63210.94,63575.63,62755.0,63362.74
2024-09-22,63362.74,64000.0,62380.55,63577.66
2024-09-23,63580.39,64739.67,62566.28,63338.87
2024-09-24,63338.85,64700.0,62689.15,64272.93
2024-09-25,64272.93,64811.0,62932.8,63130.89
2024-09-26,63131.13,65865.0,62652.99,65177.21
2024-09-27,65176.39,66550.0,64827.85,65789.0
2024-09-28,65787.53,66266.39,65400.0,65858.99
2024-09-29,65857.33,66059.0,65433.29,65600.01
2024-09-30,65600.01,65624.95,62833.95,63301.25
2024-10-01,63305.52,64106.75,60150.89,60790.0
2024-10-02,60792.63,62380.34,59969.2,60631.37
2024-10-03,60631.36,61474.92,59824.87,60744.99
2024-10-04,60745.0,62481.0,60454.5,62090.71
2024-10-05,62090.7,62380.04,61686.34,62051.29
2024-10-06,62051.29,62978.75,61805.85,62810.86
2024-10-07,62810.93,64467.02,62113.28,62200.28
2024-10-08,62203.82,63191.05,61824.48,62122.02
2024-10-09,62118.44,62507.68,60255.0,60578.28
2024-10-10,60578.28,61271.59,58863.9,60279.53
2024-10-11,60279.53,63416.7,60029.98,62518.75
2024-10-12,62518.75,63474.25,62464.15,63187.47
2024-10-13,63183.08,63270.18,62033.0,62845.3
2024-10-14,62847.89,66500.0,62426.67,66065.65
2024-10-15,66065.64,67944.76,64778.44,67056.6
2024-10-16,67056.62,68399.0,66743.0,67608.44
2024-10-17,67608.45,67926.99,66629.97,67402.33
2024-10-18,67399.86,69000.62,67149.24,68426.11
2024-10-19,68426.11,68689.29,68005.83,68363.73
2024-10-20,68363.73,69380.0,68083.18,69014.86
2024-10-21,69014.87,69498.0,66802.0,67346.15
2024-10-22,67346.15,67800.0,66535.0,67380.08
2024-10-23,67389.7,67415.65,65149.51,66601.11
2024-10-24,66601.1,68800.0,66445.32,68156.84
2024-10-25,68156.84,68742.38,65500.01,66564.51
2024-10-26,66564.51,67365.18,66331.95,67012.56
2024-10-27,67008.15,68261.37,66836.78,67943.19
2024-10-28,67943.18,70235.98,67532.48,69924.5
2024-10-29,69924.49,73624.98,69705.76,72724.35
2024-10-30,72724.35,72948.6,71400.01,72322.91
2024-10-31,72322.91,72684.02,69559.33,70197.83
2024-11-01,70198.02,71620.0,68720.0,69467.29
2024-11-02,69466.64,69891.92,69000.0,69358.94
2024-11-03,69360.95,69364.65,67444.0,68738.18
2024-11-04,68736.4,69453.94,66783.77,67807.48
2024-11-05,67810.15,70557.67,67427.53,69380.73
2024-11-06,69380.64,76509.56,69285.82,75646.55
2024-11-07,75646.55,76999.0,74463.96,75920.0
2024-11-08,75925.0,77312.18,75654.26,76566.73
2024-11-09,76566.72,76952.67,75758.58,76716.06
2024-11-10,76716.06,81534.28,76535.33,80428.92
2024-11-11,80427.69,89666.0,80277.34,88770.73
2024-11-12,88770.74,90100.0,85010.0,88035.43
2024-11-13,88035.43,93495.0,86220.5,90493.82
2024-11-14,90499.4,91831.25,86672.07,87340.4
2024-11-15,87338.96,91934.62,87100.83,91058.36
2024-11-16,91058.36,91820.73,90069.21,90636.24
2024-11-17,90638.54,91439.82,88713.64,89886.69
2024-11-18,89877.11,92674.8,89372.65,90520.3
2024-11-19,90521.32,94105.84,90403.24,92435.89
2024-11-20,92445.04,94989.99,91600.0,94393.15
2024-11-21,94384.15,99073.53,94127.2,98439.09
2024-11-22,98439.1,99860.0,97209.52,99024.03
2024-11-23,99024.03,99044.11,97215.01,97778.77
2024-11-24,97778.78,98700.0,95780.77,98028.18
2024-11-25,98032.06,98999.0,92534.93,93000.01
2024-11-26,93001.48,95004.92,90682.58,91929.54
2024-11-27,91929.53,97386.06,91747.46,95951.19
2024-11-28,95951.19,96676.31,94671.59,95665.53
2024-11-29,95665.53,98750.0,95383.46,97490.56
2024-11-30,97489.8,97509.6,96129.73,96465.42
2024-12-01,96464.95,97895.9,95753.42,97263.18
2024-12-02,97259.17,98200.0,94400.63,95862.89
2024-12-03,95862.89,96310.1,93571.3,95924.52
2024-12-04,95924.85,99263.2,94634.85,98746.24
2024-12-05,98746.24,104000.0,92055.86,97044.23
2024-12-06,97049.47,102104.12,96424.2,99891.35
2024-12-07,99885.37,100583.27,99012.73,99929.32
2024-12-08,99919.2,101435.05,98729.66,101174.99
2024-12-09,101175.0,101290.73,94220.8,97324.81
2024-12-10,97330.66,98338.17,94273.38,96660.76
2024-12-11,96660.75,101984.98,95722.79,101202.11
2024-12-12,101211.61,102595.0,99298.39,100030.47
2024-12-13,100024.75,101959.13,99220.81,101428.75
2024-12-14,101428.74,102650.0,100600.0,101399.99
2024-12-15,101400.0,105100.0,101221.34,104447.76
2024-12-16,104445.15,107857.79,103289.21,106099.81
2024-12-17,106099.98,108388.88,105337.97,106136.99
2024-12-18,106145.83,106528.13,99939.82,100150.73
2024-12-19,100148.6,102796.22,95539.67,97372.21
2024-12-20,97372.2,98132.47,92115.66,97765.0
2024-12-21,97762.75,99596.57,96368.0,97230.08
2024-12-22,97230.09,97387.98,94182.98,95087.75
2024-12-23,95091.15,96430.08,92360.91,94764.56
2024-12-24,94767.88,99444.0,93426.25,98594.47
2024-12-25,98594.47,99484.92,97557.48,99346.28
2024-12-26,99358.67,99887.0,95083.93,95669.49
2024-12-27,95669.4,97340.47,93234.31,94171.89
2024-12-28,94171.7,95534.17,94002.72,95130.82
2024-12-29,95125.59,95170.06,92841.48,93563.35
2024-12-30,93563.35,94910.48,91271.19,92620.71
2024-12-31,92620.7,96148.94,91887.13,93354.22
2025-01-01,93347.59,94960.91,92743.63,94383.59
2025-01-02,94383.59,97776.99,94177.0,96903.19
2025-01-03,96905.48,98969.92,96016.63,98136.51
2025-01-04,98139.85,98761.02,97516.65,98209.85
2025-01-05,98209.85,98814.0,97250.0,98345.33
2025-01-06,98347.65,102500.0,97900.0,102279.41
2025-01-07,102279.41,102735.99,96105.11,96941.98
2025-01-08,96941.98,97254.35,92500.0,95036.63
2025-01-09,95033.18,95363.26,91187.0,92547.44
2025-01-10,92547.44,95862.92,92209.25,94701.18
2025-01-11,94701.48,94983.65,93804.05,94565.02
2025-01-12,94569.91,95383.84,93670.3,94509.62
2025-01-13,94507.24,95900.0,89028.64,94506.45
2025-01-14,94507.35,97353.29,94311.36,96534.96
2025-01-15,96534.97,100716.45,96400.0,100510.23
2025-01-16,100504.27,100880.0,97277.58,99981.78
2025-01-17,99981.46,105970.0,99937.81,104107.0
2025-01-18,104107.0,104933.15,102233.45,104435.0
2025-01-19,104435.01,106314.44,99518.0,101211.13
2025-01-20,101217.78,109358.01,99416.27,102145.43
2025-01-21,102145.42,107291.1,100051.0,106159.26
2025-01-22,106159.27,106431.34,103100.0,103667.11
2025-01-23,103659.6,106870.87,101200.01,103926.36
2025-01-24,103926.36,107200.0,102751.92,104850.27
2025-01-25,104866.13,105294.0,104104.0,104733.56
2025-01-26,104729.92,105478.8,102452.24,102563.0
2025-01-27,102565.28,103228.46,97715.03,102062.42
2025-01-28,102063.92,103770.85,100213.8,101290.0
2025-01-29,101290.01,104829.64,101275.6,103747.25
2025-01-30,103747.25,106484.77,103289.74,104742.64
2025-01-31,104742.63,106090.0,101506.0,102411.26
2025-02-01,102414.05,102781.65,100250.0,100623.85
2025-02-02,100623.88,101459.84,96179.0,97676.52
2025-02-03,97676.53,102599.85,91178.01,101460.2
2025-02-04,101460.15,101812.23,96145.76,97795.05
2025-02-05,97795.06,99230.49,96161.01,96638.33
2025-02-06,96635.62,99182.15,95674.96,96564.62
2025-02-07,96575.24,100235.79,95614.96,96537.08
2025-02-08,96536.93,96919.05,95682.33,96476.25
2025-02-09,96476.24,97342.28,94730.67,96475.82
2025-02-10,96481.47,98367.23,95257.2,97444.41
2025-02-11,97451.66,98500.0,94831.07,95774.08
2025-02-12,95770.95,98119.98,94066.92,97862.53
2025-02-13,97864.28,98100.0,95220.0,96625.29
2025-02-14,96625.29,98890.11,96268.56,97509.03
2025-02-15,97507.94,97997.85,97225.01,97596.94
2025-02-16,97596.54,97738.22,96057.68,96119.88
2025-02-17,96119.88,97050.64,95200.0,95781.8
2025-02-18,95781.8,96730.0,93333.0,95607.4
2025-02-19,95612.97,96880.0,95000.01,96632.03
2025-02-20,96632.03,98768.54,96419.07,98347.2
2025-02-21,98347.2,99517.52,94721.92,96157.03
2025-02-22,96157.03,96982.52,95767.95,96582.12
2025-02-23,96578.49,96679.93,95243.91,96265.98
2025-02-24,96266.23,96515.41,91300.0,91510.82
2025-02-25,91509.88,92549.99,85836.18,88583.74
2025-02-26,88583.17,89305.68,82111.12,84111.78
2025-02-27,84111.77,86993.87,82554.11,84625.19
2025-02-28,84627.5,85116.19,78167.81,84297.73
2025-03-01,84297.74,86534.96,83772.54,86018.76
2025-03-02,86018.82,95128.88,85003.35,94265.48
2025-03-03,94265.47,94415.61,85007.01,86161.1
2025-03-04,86161.09,88977.27,81444.0,87249.96
2025-03-05,87247.93,91000.0,86329.22,90603.73
2025-03-06,90607.73,92817.29,87790.5,89921.85
2025-03-07,89915.02,91280.0,84608.27,86756.98
2025-03-08,86753.3,86863.38,85200.0,86206.69
2025-03-09,86206.64,86480.0,80000.0,80699.17
2025-03-10,80708.21,84033.66,77389.0,78544.71
2025-03-11,78548.18,83600.0,76555.0,82914.51
2025-03-12,82911.81,84442.69,80572.21,83659.43
2025-03-13,83659.45,84310.8,79890.0,81073.43
2025-03-14,81071.5,85318.61,80771.17,83980.49
2025-03-15,83989.86,84690.43,83612.24,84351.46
2025-03-16,84351.45,85092.35,81969.44,82562.57
2025-03-17,82562.5,84758.46,82416.98,84011.4
2025-03-18,84011.39,84029.67,81125.0,82698.76
2025-03-19,82699.53,87045.45,82535.53,86877.96
2025-03-20,86877.97,87492.87,83596.75,84183.42
2025-03-21,84183.41,84809.72,83100.0,84061.96
2025-03-22,84061.96,84517.75,83659.69,83852.03
2025-03-23,83852.06,86128.99,83804.67,86092.94
2025-03-24,86092.95,88804.64,85533.06,87523.62
2025-03-25,87518.09,88584.34,86321.97,87427.88
2025-03-26,87432.82,88304.1,85850.0,86926.01
2025-03-27,86926.01,87790.12,85784.0,87217.48
2025-03-28,87214.07,87498.15,83533.4,84381.8
2025-03-29,84381.81,84584.13,81608.99,82616.83
2025-03-30,82624.06,83508.98,81538.88,82379.98
2025-03-31,82379.98,83920.8,81265.16,82534.32
2025-04-01,82534.31,85566.53,82403.32,85170.37
2025-04-02,85166.92,88530.0,82283.01,82490.08
2025-04-03,82490.1,83953.45,81177.7,83174.33
2025-04-04,83178.68,84720.67,81643.54,83860.16
2025-04-05,83859.78,84238.35,82346.61,83498.25
2025-04-06,83505.88,83773.58,77058.99,78370.75
2025-04-07,78370.15,81223.67,74420.69,79140.01
2025-04-08,79140.02,80849.98,76167.35,76251.64
2025-04-09,76258.8,83583.35,74553.01,82594.75
2025-04-10,82593.15,82730.93,78387.24,79552.34
2025-04-11,79552.34,84299.0,78919.94,83380.47
2025-04-12,83379.64,85909.97,82765.26,85271.01
2025-04-13,85271.02,86092.99,83010.0,83733.07
2025-04-14,83733.07,85818.06,83655.27,84590.36
2025-04-15,84590.36,86491.4,83592.77,83629.78
2025-04-16,83622.52,85526.4,83088.02,84028.72
2025-04-17,84028.71,85494.94,83711.69,84961.97
2025-04-18,84961.97,85150.94,84287.06,84466.47
2025-04-19,84466.47,85625.0,84353.45,85074.99
2025-04-20,85074.59,85319.21,83972.82,85177.34
2025-04-21,85177.33,88575.62,85135.98,87522.07
2025-04-22,87513.53,93952.62,87077.17,93489.1
2025-04-23,93486.57,94686.0,91902.19,93740.92
2025-04-24,93740.93,94061.02,91685.18,94021.96
2025-04-25,94021.97,95976.34,92880.01,94708.79
2025-04-26,94707.79,95273.52,93903.01,94666.64
2025-04-27,94666.64,95351.11,93654.77,93780.57
2025-04-28,93780.56,95652.66,92829.44,95042.57
2025-04-29,95042.56,95499.0,93761.26,94271.09
2025-04-30,94271.08,95263.74,92911.88,94182.54
2025-05-01,94182.55,97546.99,94136.79,96524.98
2025-05-02,96524.98,97948.56,96369.69,96929.81
2025-05-03,96929.81,96974.78,95765.13,95861.33
2025-05-04,95865.47,96312.51,94151.67,94272.55
2025-05-05,94272.54,95218.82,93500.01,94733.99
2025-05-06,94733.99,96916.25,93363.28,96839.17
2025-05-07,96843.84,97738.05,95800.0,97058.32
2025-05-08,97058.33,104176.05,96888.25,103253.49
2025-05-09,103252.2,104352.6,102330.76,102986.96
2025-05-10,102986.94,104997.0,102831.41,104821.19
2025-05-11,104817.83,104980.89,103360.22,104137.62
2025-05-12,104137.58,105787.37,100703.71,102800.21
2025-05-13,102800.22,105038.53,101447.78,104131.06
2025-05-14,104131.2,104373.0,102603.27,103545.38
2025-05-15,103540.91,104200.0,101400.01,103786.43
2025-05-16,103786.4,104616.71,103125.51,103500.03
2025-05-17,103500.03,103741.98,102612.0,103161.07
2025-05-18,103162.53,106692.97,103130.95,106473.46
2025-05-19,106488.77,107137.68,102105.0,105616.18
2025-05-20,105616.21,107355.0,104209.18,106883.24
2025-05-21,106883.24,110788.98,106128.14,109699.54
2025-05-22,109697.19,112000.0,109217.23,111722.53
2025-05-23,111722.54,111824.07,106800.01,107329.61
2025-05-24,107332.08,109517.79,106895.77,107794.01
2025-05-25,107794.01,109371.04,106632.35,109048.68
2025-05-26,109048.41,110474.41,108706.04,109464.32
2025-05-27,109464.33,110829.42,107536.41,108978.46
2025-05-28,108978.45,109344.89,106790.16,107819.29
2025-05-29,107819.26,108943.35,105315.0,105572.58
2025-05-30,105572.58,106377.66,103634.48,104033.26
2025-05-31,104033.0,104965.5,103110.01,104645.87
2025-06-01,104645.87,105937.46,103800.81,105697.94
2025-06-02,105697.93,106000.0,103685.23,105904.94
2025-06-03,105909.79,106901.68,104910.01,105447.82
2025-06-04,105443.95,106058.47,104202.0,104753.38
2025-06-05,104753.37,105999.68,100345.73,101570.2
2025-06-06,101570.2,105439.01,101132.91,104397.99
2025-06-07,104398.0,106000.0,103969.7,105619.02
2025-06-08,105619.02,106548.9,105028.3,105784.4
2025-06-09,105784.41,110651.12,105368.27,110301.15
2025-06-10,110299.69,110420.08,108362.14,110300.24
2025-06-11,110300.25,110435.05,108091.74,108669.37
2025-06-12,108673.77,108853.74,105706.78,105721.05
2025-06-13,105716.45,106233.0,102746.01,106118.7
2025-06-14,106114.53,106264.36,104351.72,105465.42
2025-06-15,105465.42,106184.13,104505.05,105599.25
2025-06-16,105600.21,109000.0,104982.26,106853.38
2025-06-17,106853.38,107792.9,103363.3,104590.44
2025-06-18,104590.44,105603.63,103512.38,104915.6
2025-06-19,104915.6,105266.61,103916.37,104671.9
2025-06-20,104671.4,106553.86,102357.25,103317.8
2025-06-21,103317.79,104013.64,100919.19,102160.03
2025-06-22,102160.36,103417.0,98225.01,100996.87
2025-06-23,100996.87,106135.47,99677.07,105419.39
2025-06-24,105418.4,106366.29,104681.83,106141.0
2025-06-25,106141.01,108206.0,105875.0,107400.22
2025-06-26,107400.22,108345.0,106605.88,107029.64
2025-06-27,107029.63,107804.2,106413.79,107113.38
2025-06-28,107119.17,107599.81,106868.94,107352.2
2025-06-29,107352.2,108550.0,107230.0,108386.44
2025-06-30,108386.44,108800.0,106724.76,107173.21
2025-07-01,107173.21,107579.3,105262.0,105711.78
2025-07-02,105711.77,109823.08,105119.7,108888.32
2025-07-03,108887.03,110590.0,108574.31,109628.83
2025-07-04,109628.83,109812.94,107268.84,108028.6
2025-07-05,108028.6,108454.19,107783.1,108246.65
2025-07-06,108246.66,109736.64,107837.7,109217.98
2025-07-07,109217.98,109741.64,107507.0,108269.84
2025-07-08,108271.49,109255.99,107438.33,108958.04
2025-07-09,108953.58,112152.91,108329.87,111282.85
2025-07-10,111282.84,116842.0,110541.87,116031.3
2025-07-11,116031.29,118909.74,115211.74,117582.16
2025-07-12,117582.16,118244.51,116940.82,117472.65
2025-07-13,117472.65,119500.0,117238.69,119130.81
2025-07-14,119130.81,123231.07,118949.18,119863.71
2025-07-15,119863.71,119973.3,115697.37,117781.64
2025-07-16,117781.63,120134.8,117033.23,118681.68
2025-07-17,118681.67,120998.76,117469.0,119273.69
2025-07-18,119273.7,120918.68,116892.42,118023.05
2025-07-19,118023.06,118564.59,117337.59,117914.17
2025-07-20,117914.17,118921.76,116525.0,117312.7
2025-07-21,117315.68,119745.93,116565.01,117428.79
2025-07-22,117428.79,120300.0,116185.0,120026.42
2025-07-23,120034.21,120180.93,117342.21,118810.44
2025-07-24,118810.44,119557.7,117190.0,118397.04
2025-07-25,118400.0,118518.2,114750.0,117633.27
2025-07-26,117633.27,118371.35,117095.73,117969.63
2025-07-27,117981.73,119800.0,117849.99,119465.52
2025-07-28,119465.52,119839.0,117380.6,118070.59
2025-07-29,118074.43,119284.78,116900.0,117933.39
2025-07-30,117933.39,118809.43,115728.49,117830.15
2025-07-31,117830.15,118920.0,115500.0,115761.13
2025-08-01,115756.12,116065.12,112659.0,113248.73
2025-08-02,113248.83,114023.58,112000.0,112542.74
2025-08-03,112542.75,114794.99,111903.68,114215.73
2025-08-04,114215.7,115756.06,114118.18,115051.85
2025-08-05,115056.14,115112.75,112622.14,114112.95
2025-08-06,114112.95,115749.99,113347.87,115028.83
2025-08-07,115028.83,117687.0,114268.6,117515.49
2025-08-08,117515.69,117687.0,115800.0,116683.79
2025-08-09,116683.79,117937.89,116343.34,116492.51
2025-08-10,116492.5,119324.08,116480.0,119309.37
2025-08-11,119309.37,122319.14,118050.0,118701.84
2025-08-12,118701.83,120327.0,118190.81,120113.18
2025-08-13,120109.04,123740.24,118931.34,123365.63
2025-08-14,123365.63,124533.0,117208.97,118389.79
2025-08-15,118389.79,119339.57,116859.32,117436.96
2025-08-16,117436.95,118028.68,117222.01,117455.68
2025-08-17,117455.69,118641.6,117249.49,117488.6
2025-08-18,117488.59,117633.8,114703.26,116286.76
2025-08-19,116286.75,116792.87,112696.56,112856.19
2025-08-20,112853.66,114627.37,112344.11,114276.0
2025-08-21,114276.0,114812.0,111964.0,112480.3
2025-08-22,112480.29,117416.73,111649.75,116908.68
2025-08-23,116911.9,116999.03,114505.0,115383.87
2025-08-24,115383.87,115616.53,110635.0,113478.0
2025-08-25,113478.0,113645.32,109275.74,110127.74
2025-08-26,110127.74,112399.99,108670.0,111788.01
2025-08-27,111788.04,112683.39,110351.11,111253.21
2025-08-28,111253.22,113480.0,110858.78,112574.85
2025-08-29,112574.84,112642.53,107469.13,108378.32
2025-08-30,108378.32,108928.79,107369.69,108827.93
2025-08-31,108827.92,109489.79,108060.79,108247.95
2025-09-01,108247.95,109907.51,107250.0,109240.55
2025-09-02,109240.55,111801.86,108400.0,111247.94
2025-09-03,111247.94,112600.0,110533.77,111756.41
2025-09-04,111756.4,112235.6,109321.0,110720.79
2025-09-05,110714.48,113390.0,110202.36,110670.02
2025-09-06,110670.02,111317.65,109993.0,110212.6
2025-09-07,110214.21,111600.0,110200.01,111129.61
2025-09-08,111120.38,112940.84,110600.0,112072.57
2025-09-09,112072.57,113292.96,110765.72,111549.32
2025-09-10,111546.61,114362.1,110919.55,113983.97
2025-09-11,113983.98,115554.53,113433.92,115540.0
2025-09-12,115540.01,116833.25,114774.19,116106.03
2025-09-13,116106.03,116378.04,115177.53,115968.35
2025-09-14,115968.33,116226.61,115166.0,115314.13
2025-09-15,115314.12,116802.0,114395.84,115381.08
2025-09-16,115381.07,117000.0,114750.0,116832.56
2025-09-17,116832.56,117327.24,114724.57,116484.4
2025-09-18,116484.4,117998.17,116125.08,117117.99
2025-09-19,117117.99,117516.36,115132.71,115690.55
2025-09-20,115690.55,116194.63,115463.22,115752.4
2025-09-21,115752.9,115900.02,115237.16,115282.27
2025-09-22,115282.26,115441.37,111761.22,112736.59
2025-09-23,112736.59,113357.0,111502.08,112017.21
2025-09-24,112017.21,113999.98,111066.07,113348.17
2025-09-25,113348.16,113561.35,108623.7,109035.72
2025-09-26,109036.0,110369.99,108645.02,109697.29
2025-09-27,109697.29,109815.08,109116.0,109681.16
2025-09-28,109681.15,112385.84,109230.98,112197.67
2025-09-29,112197.66,114490.0,111582.65,114365.07
2025-09-30,114361.66,114850.0,112695.85,114067.71
2025-10-01,114067.71,118718.8,113975.5,118659.97
2025-10-02,118662.72,121111.0,118336.01,120621.32
2025-10-03,120621.33,123996.81,119327.83,122318.4
2025-10-04,122318.39,122896.0,121572.64,122458.56
2025-10-05,122458.55,125750.0,122195.28,123520.79
2025-10-06,123520.8,126296.0,123115.77,124720.09
2025-10-07,124723.57,125226.34,120636.0,121393.95
2025-10-08,121393.96,124254.31,121090.06,123343.25
2025-10-09,123343.24,123822.08,119713.65,121714.51
2025-10-10,121714.51,122600.0,107000.0,112980.28
2025-10-11,112976.01,113439.99,109683.96,110768.89
2025-10-12,110768.9,115847.0,109687.46,115067.98
2025-10-13,115067.96,116077.51,113700.27,115274.03
2025-10-14,115274.03,115514.91,109945.86,113068.0
2025-10-15,113072.18,113671.99,110185.87,110804.12
2025-10-16,110804.11,112021.07,107464.53,108198.0
2025-10-17,108197.99,109269.97,103516.75,106463.3
2025-10-18,106462.09,107535.68,106357.69,107208.91
2025-10-19,107208.91,109499.0,106091.25,108676.78
2025-10-20,108676.77,111748.6,107449.91,110568.06
2025-10-21,110568.05,114082.29,107444.6,108362.27
2025-10-22,108357.99,109188.27,106639.0,107585.98
2025-10-23,107588.02,111342.6,107511.46,110116.03
2025-10-24,110116.02,112158.39,109725.51,111042.13
2025-10-25,111042.13,111968.52,110693.01,111666.21
2025-10-26,111666.22,115542.0,111260.33,114548.09
2025-10-27,114561.69,116410.06,113833.12,114087.06
2025-10-28,114087.06,116114.13,112203.0,112906.75
2025-10-29,112906.75,113690.17,109000.0,110032.13
2025-10-30,110031.65,111629.2,106279.33,108308.18
2025-10-31,108308.02,111066.1,108266.11,109555.27
2025-11-01,109555.63,110500.0,109342.47,110052.25
2025-11-02,110052.25,111221.99,108800.0,110536.01
2025-11-03,110533.83,110749.0,105271.67,106557.98
2025-11-04,106557.98,107269.85,98892.97,101468.15
2025-11-05,101468.16,104550.0,98950.0,103869.0
2025-11-06,103866.67,104191.19,100235.02,101290.5
2025-11-07,101290.5,104041.99,99170.0,103284.27
2025-11-08,103281.79,103350.0,101422.74,102285.57
2025-11-09,102285.58,105471.04,101372.58,104694.95
2025-11-10,104694.23,106653.0,104240.76,105979.38
2025-11-11,105979.38,107482.0,102422.43,103009.35
2025-11-12,103017.21,105316.64,100803.2,101639.01
2025-11-13,101636.03,104050.0,97870.0,99614.54
2025-11-14,99610.49,99836.1,93951.32,94503.96
2025-11-15,94501.08,96747.02,94222.2,95544.94
2025-11-16,95544.94,96559.61,92943.83,94183.97
2025-11-17,94182.03,95950.0,91158.35,92100.6
2025-11-18,92100.6,93775.0,89183.48,92914.46
2025-11-19,92914.45,92948.0,88483.12,91461.6
2025-11-20,91465.04,93080.91,85980.7,86536.88
2025-11-21,86531.87,87395.93,80524.65,85068.88
2025-11-22,85068.85,85547.11,83441.91,84684.0
2025-11-23,84683.99,88100.0,84614.11,86808.28
2025-11-24,86808.28,89225.6,85213.17,88266.2
2025-11-25,88264.0,88486.82,86067.02,87325.01
2025-11-26,87325.0,90628.53,86266.95,90468.84
2025-11-27,90468.83,91925.4,90067.81,91316.7
2025-11-28,91316.7,93161.86,90220.5,90902.7
2025-11-29,90902.69,91199.99,90200.0,90828.06
2025-11-30,90829.68,91980.8,90353.96,90369.51
2025-12-01,90364.0,90433.7,83800.0,86282.36
2025-12-02,86282.35,92342.0,86181.38,91308.05
2025-12-03,91308.05,94181.41,91024.47,93453.84
2025-12-04,93452.02,94087.05,90904.73,92093.54
2025-12-05,92093.7,92716.42,88099.05,89345.29
2025-12-06,89345.29,90296.32,88932.0,89267.97
2025-12-07,89262.8,91779.99,87733.18,90402.29
2025-12-08,90402.3,92291.96,89599.0,90653.86
2025-12-09,90653.86,94640.66,89537.55,92690.0
2025-12-10,92690.0,94500.0,91556.64,92035.99
2025-12-11,92035.85,93594.76,89257.98,92542.0
2025-12-12,92539.63,92791.26,89500.0,90278.0
2025-12-13,90278.0,90657.0,89777.79,90255.32
2025-12-14,90255.32,90496.16,87565.38,88171.61
2025-12-15,88174.37,90064.74,85129.63,86417.5
2025-12-16,86417.5,88148.0,85250.0,87854.01
2025-12-17,87854.0,90336.36,85267.69,86209.77
2025-12-18,86209.79,89447.75,84400.0,85460.02
2025-12-19,85460.85,89365.85,85052.78,88092.65
2025-12-20,88092.65,88530.6,87780.0,88324.0
2025-12-21,88322.01,89046.44,87501.01,88639.95
2025-12-22,88639.87,90541.8,87846.17,88556.77
2025-12-23,88555.03,88896.63,86533.86,87429.32
2025-12-24,87429.32,88001.2,86350.0,87609.03
2025-12-25,87609.02,88534.4,86899.0,87171.68
2025-12-26,87171.46,89496.07,86569.53,87296.01
2025-12-27,87296.17,87914.62,86944.24,87808.0
2025-12-28,87806.75,88000.0,87349.52,87877.29
2025-12-29,87877.28,90325.0,86675.0,87110.78
2025-12-30,87110.77,89343.52,86704.98,88397.5
2025-12-31,88397.24,89100.0,87082.64,87497.94
2026-01-01,87497.95,88798.99,87361.74,88738.34
2026-01-02,88742.0,90935.22,88272.08,89957.99
2026-01-03,89958.0,90697.0,89284.13,90598.02
2026-01-04,90598.01,91764.64,90598.01,91494.0
2026-01-05,91489.03,94825.27,91479.28,93870.06
2026-01-06,93870.06,94439.63,91203.13,93722.01
2026-01-07,93722.01,93722.01,90576.24,91279.73
2026-01-08,91279.73,91580.01,89200.0,91026.0
2026-01-09,91024.01,91944.52,89583.58,90515.45
2026-01-10,90515.12,90698.0,90251.43,90385.54
2026-01-11,90387.36,91173.12,90109.0,90872.01
2026-01-12,90878.51,92406.3,90003.46,91188.09
2026-01-13,91188.08,96250.0,90925.17,95384.23
2026-01-14,95385.59,97963.62,94518.63,96955.16
2026-01-15,96954.02,97176.42,95066.19,95587.65
2026-01-16,95578.2,95830.49,94229.04,95504.0
2026-01-17,95503.99,95600.0,94980.12,95109.99
2026-01-18,95109.99,95485.0,93559.78,93633.53
2026-01-19,93630.0,93630.0,91935.3,92559.66
2026-01-20,92559.65,92807.99,87767.53,88310.6
2026-01-21,88310.6,90500.0,87156.0,89363.71
2026-01-22,89363.71,90273.35,88408.65,89463.5
2026-01-23,89463.51,91147.01,88440.65,89474.93
2026-01-24,89474.94,89832.72,89007.01,89082.17
2026-01-25,89082.16,89177.95,86000.13,86561.94
2026-01-26,86561.94,88787.97,86411.7,88250.01
2026-01-27,88250.0,89447.21,87180.01,89116.96
2026-01-28,89116.96,90476.81,88706.32,89162.4
2026-01-29,89162.4,89210.16,83216.21,84513.2
2026-01-30,84513.19,84599.0,81000.12,84110.99
2026-01-31,84110.99,84138.0,75644.15,78648.0
2026-02-01,78648.0,79337.99,75612.75,76895.53
2026-02-02,76895.99,79339.0,74502.21,78666.85
2026-02-03,78666.84,79123.75,72859.0,75661.49
2026-02-04,75661.49,76876.54,71703.72,72998.0
2026-02-05,72999.0,73173.96,62181.65,62791.0
2026-02-06,62788.28,71707.18,60001.0,70527.7
2026-02-07,70521.08,71648.05,67293.26,69244.74
2026-02-08,69250.0,72232.17,68840.83,70279.33
2026-02-09,70279.32,71380.13,68233.01,70101.99
2026-02-10,70101.98,70489.99,67857.0,68803.65
2026-02-11,68803.65,69248.0,65702.95,67024.93
2026-02-12,67032.71,68382.9,65065.47,66208.0
2026-02-13,66207.99,69434.2,65799.71,68812.0
2026-02-14,68812.0,70531.53,68697.63,69786.96
2026-02-15,69786.96,70941.65,68020.0,68792.0
2026-02-16,68792.0,70089.99,67251.81,68858.13
2026-02-17,68859.55,69199.51,66569.58,67466.7
2026-02-18,67466.7,68438.84,65812.57,66419.79
2026-02-19,66419.78,67288.22,65604.63,66972.5
2026-02-20,66972.49,68294.86,66427.23,67984.42
2026-02-21,67984.42,68683.27,67516.93,67955.78
2026-02-22,67955.78,68241.4,67132.81,67617.98
2026-02-23,67616.01,67656.42,63855.0,64625.78
2026-02-24,64625.78,64988.32,62534.61,64068.33
2026-02-25,64068.33,70020.0,63912.25,67992.68
2026-02-26,67992.68,68866.86,66500.92,67490.51
2026-02-27,67490.5,68223.07,64942.87,65859.94
2026-02-28,65859.93,67761.55,63019.6,66967.85
2026-03-01,66971.54,68200.0,65008.38,65769.0
2026-03-02,65771.56,70128.74,65250.12,68832.01
2026-03-03,68832.0,69255.36,66138.2,68335.99
2026-03-04,68335.99,74100.0,67391.17,72683.26
2026-03-05,72683.26,73588.24,70639.01,70887.6
2026-03-06,70887.61,71428.4,67725.14,68108.24
2026-03-07,68108.23,68544.79,66921.33,67259.62
2026-03-08,67259.62,68201.16,65618.51,65970.56
2026-03-09,65970.56,69543.0,65820.93,68432.17
2026-03-10,68432.16,71800.0,68383.5,69960.83
2026-03-11,69960.83,71358.48,68980.74,70208.0
2026-03-12,70208.03,70819.84,69180.01,70531.56
2026-03-13,70530.02,73968.0,70398.01,70944.33
2026-03-14,70944.32,71316.0,70236.02,71232.02
2026-03-15,71232.01,73220.8,70868.41,72830.01
2026-03-16,72830.01,74913.69,72276.24,74886.47
2026-03-17,74886.46,76022.6,73400.01,73934.11
2026-03-18,73934.11,74700.0,70474.83,71245.02
2026-03-19,71245.01,71628.0,68772.78,69918.3
2026-03-20,69917.19,71384.62,69360.0,70497.01
2026-03-21,70497.01,71075.92,68562.13,68912.02
2026-03-22,68912.02,69577.0,67332.05,67844.94
2026-03-23,67844.94,71811.0,67425.0,70874.23
2026-03-24,70874.22,71389.0,68889.0,70533.49
2026-03-25,70533.48,72030.29,70357.1,71301.53
2026-03-26,71301.52,71414.33,68102.36,68769.02
2026-03-27,68769.02,69128.75,65498.75,66353.34
2026-03-28,66353.33,67249.65,65876.61,66320.15
2026-03-29,66320.16,67076.07,64938.66,65956.94
2026-03-30,65957.95,68129.33,65736.63,66737.18
2026-03-31,66737.08,68518.1,65924.82,68221.85
2026-04-01,68221.84,69285.99,67525.59,68112.35
2026-04-02,68112.34,68652.0,65696.96,66894.48
2026-04-03,66899.11,67375.7,66275.01,66959.99
2026-04-04,66959.98,67535.2,66770.64,67291.73
2026-04-05,67291.72,69117.6,66600.0,69005.0
2026-04-06,69005.0,70378.48,68332.0,68853.61
2026-04-07,68853.6,72753.97,67710.01,71910.2
2026-04-08,71910.21,72861.38,70684.65,71085.99
2026-04-09,71083.99,73147.81,70468.74,71798.01
2026-04-10,71798.01,73477.87,71431.55,72997.88
2026-04-11,72997.88,73822.95,72564.35,73086.0
2026-04-12,73085.99,73172.14,70512.7,70755.35
2026-04-13,70755.35,74936.9,70576.27,74446.0
2026-04-14,74448.0,76127.18,73854.5,74179.04
2026-04-15,74176.09,75458.81,73545.0,74836.31
2026-04-16,74839.97,75539.91,73298.01,75163.09
2026-04-17,75163.09,78390.0,74558.21,77098.01
2026-04-18,77098.01,77450.15,75473.81,75736.82
2026-04-19,75736.0,76278.36,73777.86,73823.14
2026-04-20,73823.27,76600.0,73741.53,75864.86
2026-04-21,75864.86,76926.37,74817.27,76348.58
2026-04-22,76355.73,79523.0,76145.0,78208.52
2026-04-23,78208.52,78722.96,76979.99,78281.32
2026-04-24,78281.32,78607.38,77289.0,77461.8
2026-04-25,77461.79,77911.09,77179.2,77650.72
2026-04-26,77650.72,78943.0,77346.44,78673.83
2026-04-27,78673.84,79496.0,76447.51,77364.42
2026-04-28,77364.48,77478.99,75646.84,76317.99
2026-04-29,76317.99,77906.84,74914.0,75752.88
2026-04-30,75752.87,76655.95,75290.1,76305.78
2026-05-01,76305.78,78961.14,76275.01,78234.05
2026-05-02,78234.05,79155.0,78034.28,78682.31
2026-05-03,78682.31,79428.6,78073.01,78558.89
2026-05-04,78558.88,80750.0,78205.0,79852.37
2026-05-05,79852.37,81799.6,79789.5,80907.72
2026-05-06,80907.72,82814.23,80699.66,81438.1
2026-05-07,81438.11,81709.17,79456.0,80005.38
2026-05-08,80005.38,80487.39,79520.44,80188.82
2026-05-09,80188.82,81065.32,80115.33,80655.96
2026-05-10,80655.97,82450.0,80273.86,82199.99
2026-05-11,82199.99,82379.0,80417.72,81727.06
2026-05-12,81727.09,81778.0,79802.51,80484.72
2026-05-13,80484.72,81293.93,78699.83,79288.26
2026-05-14,79288.26,82066.22,78885.42,81079.39
2026-05-15,81078.04,81650.0,78591.99,79058.51
2026-05-16,79058.5,79182.02,77608.95,78105.45
2026-05-17,78105.46,78570.0,76673.54,77407.59
2026-05-18,77406.57,77764.28,75992.0,76943.98
2026-05-19,76943.96,77350.08,76061.12,76767.48
2026-05-20,76767.48,77782.61,76433.52,77475.99
2026-05-21,77475.98,78123.68,76619.02,77547.62
2026-05-22,77547.25,77833.02,75266.73,75443.91
2026-05-23,75446.99,77305.0,74197.11,76650.0
2026-05-24,76648.65,77412.32,76000.0,76975.99
2026-05-25,76975.99,77834.55,76807.04,77249.07
2026-05-26,77249.07,78015.46,75555.0,75826.1
2026-05-27,75826.1,76033.66,74113.95,74315.98
2026-05-28,74316.71,74462.4,72445.11,73512.56
2026-05-29,73512.55,74224.84,72364.13,73366.77
2026-05-30,73366.77,74029.01,73107.24,73770.69
2026-05-31,73770.69,74156.59,73288.0,73575.17
2026-06-01,73575.18,73978.52,70555.0,71314.42
2026-06-02,71314.43,71315.67,66100.01,66658.35
2026-06-03,66658.45,67416.5,63985.01,64040.0
2026-06-04,64039.99,64695.0,61309.25,63806.02
2026-06-05,63806.02,63906.02,59073.01,61032.0
2026-06-06,61031.98,61499.41,59448.45,60850.48
2026-06-07,60850.48,64234.45,60706.4,63302.73
2026-06-08,63302.03,64200.02,62365.43,63062.98
2026-06-09,63062.97,63490.49,60713.5,61685.8
2026-06-10,61685.81,62809.04,60708.92,61449.46
2026-06-11,61449.47,63866.82,61449.47,63563.42
2026-06-12,63563.44,64347.32,62739.81,63538.43
2026-06-13,63538.44,64727.27,63400.92,64429.99
2026-06-14,64424.98,65764.16,63640.0,65706.62
2026-06-15,65704.23,67264.0,65302.08,66276.8
2026-06-16,66276.79,66944.0,65300.03,65616.64
2026-06-17,65616.64,66384.01,63851.02,64446.04
2026-06-18,64446.05,64752.51,62159.76,62879.01
2026-06-19,62879.01,63595.93,62246.24,63475.2
2026-06-20,63475.08,64312.73,63131.38,64222.99
2026-06-21,64223.0,64508.4,63171.19,63235.63
2026-06-22,63235.63,65553.39,63235.61,63950.61
2026-06-23,63950.61,64211.95,61862.27,62644.86
2026-06-24,62644.86,63156.34,59010.74,60983.13
2026-06-25,60983.14,61868.39,58000.0,59703.65
2026-06-26,59703.66,60660.0,58243.36,60002.53
2026-06-27,60002.97,60838.92,59765.1,59934.84
2026-06-28,59934.84,60455.0,58810.11,59474.01
2026-06-29,59473.99,60702.63,58800.0,60162.73
2026-06-30,60162.73,60191.99,58056.0,58523.93
2026-07-01,58523.93,61287.33,57717.55,59961.45
2026-07-02,59961.46,62147.89,59520.02,61484.02
2026-07-03,61484.02,62899.99,61162.79,62520.22
2026-07-04,62520.22,63410.0,62274.16,63086.45
2026-07-05,63086.46,63940.79,62384.08,63580.44
2026-07-06,63580.45,64658.85,61250.0,64001.84
2026-07-07,64001.85,64272.92,62583.0,63323.27
2026-07-08,63322.07,63720.88,61453.09,62237.7
2026-07-09,62237.7,63448.46,61636.05,63175.25
2026-07-10,63175.25,64669.42,62865.01,64128.49
2026-07-11,64128.49,64458.7,63769.84,63773.04
2026-07-12,63773.05,64250.56,63588.2,63740.32
2026-07-13,63740.32,64388.01,61750.9,62264.94
2026-07-14,62264.94,65055.04,62190.4,64988.64
2026-07-15,64988.65,65559.5,64431.11,64716.63
2026-07-16,64712.04,64946.07,63690.78,63770.6
2026-07-17,63770.6,64353.56,62452.52,63894.0
2026-07-18,63893.99,64827.93,63842.35,64796.36
2026-07-19,64796.36,64918.7,64238.08,64681.78
2026-07-20,64681.79,65756.09,63702.01,65213.05
2026-07-21,65213.05,66923.95,65106.79,66516.18
2026-07-22,66516.17,66698.55,65484.0,66086.61
2026-07-23,66086.6,66287.74,64564.09,65051.23
2026-07-24,65051.24,65762.78,63641.0,64083.32
2026-07-25,64083.31,64387.43,63732.0,64295.61
2026-07-26,64295.61,65511.36,64229.6,65341.07
2026-07-27,65341.07,65705.08,63545.0,63694.43
2026-07-28,63693.44,64041.02,62645.39,63847.12
2026-07-29,63847.12,64665.3,63194.45,63896.14
2026-07-30,63896.14,65118.08,63502.91,64721.9
2026-07-31,64721.9,65360.0,62358.96,62825.9
2026-08-01,62826.69,63093.0,62209.81,62764.2
2026-08-02,62764.2,63730.49,62743.87,63499.49
2026-08-03,63499.49,64032.43,62210.14,63466.51
2026-08-04,63466.51,64497.24,63250.0,64050.51
2026-08-05,64050.51,64988.78,63814.8,64603.03
2026-08-06,64603.02,64944.16,64087.41,64267.3
2026-08-07,64267.3,65348.97,64099.35,64891.61
2026-08-08,64891.6,65150.16,64789.89,64908.72
2026-08-09,64908.71,65426.0,64675.22,64848.69
2026-08-10,64848.68,65341.83,63733.03,63911.88
2026-08-11,63911.88,64439.38,63158.0,63531.75
2026-08-12,63531.75,64416.3,63235.88,63411.72
2026-08-13,63411.71,63949.9,62772.84,63425.35
2026-08-14,63425.35,63561.45,62468.21,62975.19
2026-08-15,62975.18,63123.68,62830.01,63018.75
2026-08-16,63018.75,63318.09,62631.18,62836.66
2026-08-17,62836.67,64390.0,62679.42,64349.14
